timestamp,kW
2026-07-01 00:00:00-07:00,3.6399999999999997
2026-07-01 00:15:00-07:00,14.466666666666667
2026-07-01 00:30:00-07:00,18.666666666666668
2026-07-01 00:45:00-07:00,26.599999999999998
2026-07-01 01:00:00-07:00,29.4
2026-07-01 01:15:00-07:00,31.266666666666666
2026-07-01 01:30:00-07:00,36.77333333333333
2026-07-01 01:45:00-07:00,37.8
2026-07-01 02:00:00-07:00,42.559999999999995
2026-07-01 02:15:00-07:00,46.199999999999996
2026-07-01 02:30:00-07:00,53.666666666666664
2026-07-01 02:45:00-07:00,73.26666666666667
2026-07-01 03:00:00-07:00,76.06666666666666
2026-07-01 03:15:00-07:00,91.93333333333334
2026-07-01 03:30:00-07:00,94.82666666666667
2026-07-01 03:45:00-07:00,107.33333333333333
2026-07-01 04:00:00-07:00,129.26666666666665
2026-07-01 04:15:00-07:00,145.22666666666666
2026-07-01 04:30:00-07:00,164.08
2026-07-01 04:45:00-07:00,161.46666666666667
2026-07-01 05:00:00-07:00,183.8666666666667
2026-07-01 05:15:00-07:00,237.16
2026-07-01 05:30:00-07:00,305.10666666666674
2026-07-01 05:45:00-07:00,384.0666666666667
2026-07-01 06:00:00-07:00,468.1999999988889
2026-07-01 06:15:00-07:00,534.1866666655557
2026-07-01 06:30:00-07:00,607.0399999999998
2026-07-01 06:45:00-07:00,683.1999999999998
2026-07-01 07:00:00-07:00,694.3999999999999
2026-07-01 07:15:00-07:00,704.6666666666664
2026-07-01 07:30:00-07:00,711.1066666666666
2026-07-01 07:45:00-07:00,725.1999999999998
2026-07-01 08:00:00-07:00,718.6666666666666
2026-07-01 08:15:00-07:00,702.4266666666666
2026-07-01 08:30:00-07:00,714.0933333333334
2026-07-01 08:45:00-07:00,750.12
2026-07-01 09:00:00-07:00,765.3333333333333
2026-07-01 09:15:00-07:00,767.1066666666665
2026-07-01 09:30:00-07:00,777.7466666666666
2026-07-01 09:45:00-07:00,763.4666666666665
2026-07-01 10:00:00-07:00,743.9599999999997
2026-07-01 10:15:00-07:00,703.533333331111
2026-07-01 10:30:00-07:00,640.4933333322222
2026-07-01 10:45:00-07:00,545.8933333311111
2026-07-01 11:00:00-07:00,561.1999999977778
2026-07-01 11:15:00-07:00,524.3333333311111
2026-07-01 11:30:00-07:00,474.2666666655555
2026-07-01 11:45:00-07:00,426.66666666555557
2026-07-01 12:00:00-07:00,367.77333333222214
2026-07-01 12:15:00-07:00,340.9333333311111
2026-07-01 12:30:00-07:00,340.48
2026-07-01 12:45:00-07:00,364.65333333333336
2026-07-01 13:00:00-07:00,328.6666666655556
2026-07-01 13:15:00-07:00,326.6666666666667
2026-07-01 13:30:00-07:00,348.3200000000001
2026-07-01 13:45:00-07:00,352.24
2026-07-01 14:00:00-07:00,343.55999999999995
2026-07-01 14:15:00-07:00,350.65333333333325
2026-07-01 14:30:00-07:00,359.8
2026-07-01 14:45:00-07:00,345.4266666666666
2026-07-01 15:00:00-07:00,349.99999999999994
2026-07-01 15:15:00-07:00,354.1466666655556
2026-07-01 15:30:00-07:00,350.3199999988888
2026-07-01 15:45:00-07:00,410.9466666666666
2026-07-01 16:00:00-07:00,464.0533333333333
2026-07-01 16:15:00-07:00,494.14666666555553
2026-07-01 16:30:00-07:00,517.1999999988889
2026-07-01 16:45:00-07:00,570.4933333322223
2026-07-01 17:00:00-07:00,608.7200000000001
2026-07-01 17:15:00-07:00,620.5199999988888
2026-07-01 17:30:00-07:00,605.2666666666665
2026-07-01 17:45:00-07:00,592.9466666666667
2026-07-01 18:00:00-07:00,581.133333332222
2026-07-01 18:15:00-07:00,572.1333333333332
2026-07-01 18:30:00-07:00,522.6133333322222
2026-07-01 18:45:00-07:00,480.4799999999998
2026-07-01 19:00:00-07:00,456.6799999999999
2026-07-01 19:15:00-07:00,423.86666666555544
2026-07-01 19:30:00-07:00,395.5466666666666
2026-07-01 19:45:00-07:00,347.799999998889
2026-07-01 20:00:00-07:00,308.1866666666667
2026-07-01 20:15:00-07:00,263.6666666666667
2026-07-01 20:30:00-07:00,254.80000000000004
2026-07-01 20:45:00-07:00,230.53333333333336
2026-07-01 21:00:00-07:00,193.2
2026-07-01 21:15:00-07:00,173.39999999777777
2026-07-01 21:30:00-07:00,150.39999999888892
2026-07-01 21:45:00-07:00,150.26666666666668
2026-07-01 22:00:00-07:00,146.1999999988889
2026-07-01 22:15:00-07:00,129.82666666666668
2026-07-01 22:30:00-07:00,113.06666666555556
2026-07-01 22:45:00-07:00,102.2
2026-07-01 23:00:00-07:00,122.26666666666667
2026-07-01 23:15:00-07:00,129.73333333333335
2026-07-01 23:30:00-07:00,142.33333333333331
2026-07-01 23:45:00-07:00,128.33333333333334
2026-07-02 00:00:00-07:00,131.02666666444443
2026-07-02 00:15:00-07:00,133.37333333333333
2026-07-02 00:30:00-07:00,134.06666666555557
2026-07-02 00:45:00-07:00,127.53333333222221
2026-07-02 01:00:00-07:00,103.13333333333333
2026-07-02 01:15:00-07:00,84.0
2026-07-02 01:30:00-07:00,68.6
2026-07-02 01:45:00-07:00,62.53333333333333
2026-07-02 02:00:00-07:00,56.46666666666667
2026-07-02 02:15:00-07:00,42.0
2026-07-02 02:30:00-07:00,39.199999999999996
2026-07-02 02:45:00-07:00,48.99999999999999
2026-07-02 03:00:00-07:00,65.33333333333334
2026-07-02 03:15:00-07:00,86.18666666555555
2026-07-02 03:30:00-07:00,84.0
2026-07-02 03:45:00-07:00,84.93333333333334
2026-07-02 04:00:00-07:00,86.80000000000001
2026-07-02 04:15:00-07:00,105.0
2026-07-02 04:30:00-07:00,101.26666666666667
2026-07-02 04:45:00-07:00,98.0
2026-07-02 05:00:00-07:00,149.33333333333337
2026-07-02 05:15:00-07:00,230.53333333333333
2026-07-02 05:30:00-07:00,303.23999999999995
2026-07-02 05:45:00-07:00,354.7599999999999
2026-07-02 06:00:00-07:00,424.75999999999993
2026-07-02 06:15:00-07:00,527.9866666666666
2026-07-02 06:30:00-07:00,658.6533333333329
2026-07-02 06:45:00-07:00,708.1999999977776
2026-07-02 07:00:00-07:00,704.6666666666664
2026-07-02 07:15:00-07:00,728.4666666666662
2026-07-02 07:30:00-07:00,730.6133333333333
2026-07-02 07:45:00-07:00,743.4
2026-07-02 08:00:00-07:00,744.4266666666667
2026-07-02 08:15:00-07:00,755.8133333333332
2026-07-02 08:30:00-07:00,748.3866666655556
2026-07-02 08:45:00-07:00,778.5866666666665
2026-07-02 09:00:00-07:00,782.1333333333332
2026-07-02 09:15:00-07:00,760.6666666666665
2026-07-02 09:30:00-07:00,772.1466666666664
2026-07-02 09:45:00-07:00,791.3733333333332
2026-07-02 10:00:00-07:00,759.1599999977775
2026-07-02 10:15:00-07:00,689.6799999988888
2026-07-02 10:30:00-07:00,624.2533333322222
2026-07-02 10:45:00-07:00,561.466666662222
2026-07-02 11:00:00-07:00,517.6666666655555
2026-07-02 11:15:00-07:00,473.01333333333326
2026-07-02 11:30:00-07:00,417.79999999888884
2026-07-02 11:45:00-07:00,341.6266666633333
2026-07-02 12:00:00-07:00,296.18666666555555
2026-07-02 12:15:00-07:00,281.9999999988889
2026-07-02 12:30:00-07:00,269.30666666555555
2026-07-02 12:45:00-07:00,261.80000000000007
2026-07-02 13:00:00-07:00,273.5999999988889
2026-07-02 13:15:00-07:00,260.5866666666667
2026-07-02 13:30:00-07:00,247.33333333333331
2026-07-02 13:45:00-07:00,252.59999999888893
2026-07-02 14:00:00-07:00,268.3333333333333
2026-07-02 14:15:00-07:00,268.6133333333333
2026-07-02 14:30:00-07:00,260.6266666655555
2026-07-02 14:45:00-07:00,253.86666666666665
2026-07-02 15:00:00-07:00,275.3333333333333
2026-07-02 15:15:00-07:00,323.58666666666664
2026-07-02 15:30:00-07:00,371.46666666666664
2026-07-02 15:45:00-07:00,387.93333333222216
2026-07-02 16:00:00-07:00,401.80000000000007
2026-07-02 16:15:00-07:00,448.65333333333336
2026-07-02 16:30:00-07:00,485.98666666666674
2026-07-02 16:45:00-07:00,520.5199999999998
2026-07-02 17:00:00-07:00,526.7733333333332
2026-07-02 17:15:00-07:00,528.5466666666665
2026-07-02 17:30:00-07:00,529.1999999999996
2026-07-02 17:45:00-07:00,551.7733333311111
2026-07-02 18:00:00-07:00,517.5333333333333
2026-07-02 18:15:00-07:00,478.4666666655557
2026-07-02 18:30:00-07:00,441.65333333333325
2026-07-02 18:45:00-07:00,400.34666666555546
2026-07-02 19:00:00-07:00,374.36
2026-07-02 19:15:00-07:00,345.6133333333333
2026-07-02 19:30:00-07:00,323.86666666666673
2026-07-02 19:45:00-07:00,287.46666666666675
2026-07-02 20:00:00-07:00,283.2666666666667
2026-07-02 20:15:00-07:00,256.6666666666667
2026-07-02 20:30:00-07:00,245.0
2026-07-02 20:45:00-07:00,212.8799999977778
2026-07-02 21:00:00-07:00,183.21333333333337
2026-07-02 21:15:00-07:00,185.45333333333335
2026-07-02 21:30:00-07:00,169.86666666666667
2026-07-02 21:45:00-07:00,146.29333333222223
2026-07-02 22:00:00-07:00,142.33333333333331
2026-07-02 22:15:00-07:00,139.25333333333336
2026-07-02 22:30:00-07:00,127.99999999888888
2026-07-02 22:45:00-07:00,128.98666666666668
2026-07-02 23:00:00-07:00,128.05333333333334
2026-07-02 23:15:00-07:00,99.99999999888891
2026-07-02 23:30:00-07:00,111.06666666666665
2026-07-02 23:45:00-07:00,97.06666666666666
2026-07-03 00:00:00-07:00,84.91999999777778
2026-07-03 00:15:00-07:00,75.41333333333333
2026-07-03 00:30:00-07:00,71.86666666666667
2026-07-03 00:45:00-07:00,74.20000000000002
2026-07-03 01:00:00-07:00,78.53333333222223
2026-07-03 01:15:00-07:00,93.33333333333333
2026-07-03 01:30:00-07:00,84.93333333333334
2026-07-03 01:45:00-07:00,85.4
2026-07-03 02:00:00-07:00,86.8
2026-07-03 02:15:00-07:00,87.26666666666667
2026-07-03 02:30:00-07:00,85.86666666666667
2026-07-03 02:45:00-07:00,80.21333333222222
2026-07-03 03:00:00-07:00,67.33333333222222
2026-07-03 03:15:00-07:00,64.86666666666667
2026-07-03 03:30:00-07:00,63.973333332222225
2026-07-03 03:45:00-07:00,64.4
2026-07-03 04:00:00-07:00,78.96000000000001
2026-07-03 04:15:00-07:00,94.73333333333333
2026-07-03 04:30:00-07:00,97.53333333333333
2026-07-03 04:45:00-07:00,111.44
2026-07-03 05:00:00-07:00,140.59999999888888
2026-07-03 05:15:00-07:00,177.9866666666667
2026-07-03 05:30:00-07:00,232.8666666666667
2026-07-03 05:45:00-07:00,337.40000000000003
2026-07-03 06:00:00-07:00,401.42666666666656
2026-07-03 06:15:00-07:00,483.93333333333317
2026-07-03 06:30:00-07:00,549.2666666666664
2026-07-03 06:45:00-07:00,641.9466666666663
2026-07-03 07:00:00-07:00,699.8133333333329
2026-07-03 07:15:00-07:00,713.5333333333331
2026-07-03 07:30:00-07:00,725.2
2026-07-03 07:45:00-07:00,731.5866666655555
2026-07-03 08:00:00-07:00,752.9199999999997
2026-07-03 08:15:00-07:00,757.68
2026-07-03 08:30:00-07:00,757.4933333333331
2026-07-03 08:45:00-07:00,740.8799999999999
2026-07-03 09:00:00-07:00,719.8799999999999
2026-07-03 09:15:00-07:00,754.1333333333331
2026-07-03 09:30:00-07:00,754.7333333322221
2026-07-03 09:45:00-07:00,738.1733333333332
2026-07-03 10:00:00-07:00,730.8399999988889
2026-07-03 10:15:00-07:00,676.9866666655554
2026-07-03 10:30:00-07:00,649.6399999988888
2026-07-03 10:45:00-07:00,580.6666666655556
2026-07-03 11:00:00-07:00,541.8666666622222
2026-07-03 11:15:00-07:00,482.2799999966666
2026-07-03 11:30:00-07:00,436.18666666555555
2026-07-03 11:45:00-07:00,382.10666666666657
2026-07-03 12:00:00-07:00,312.85333333333324
2026-07-03 12:15:00-07:00,288.77333333333326
2026-07-03 12:30:00-07:00,300.06666666666666
2026-07-03 12:45:00-07:00,311.08
2026-07-03 13:00:00-07:00,327.4133333333333
2026-07-03 13:15:00-07:00,291.85333333333335
2026-07-03 13:30:00-07:00,277.6133333322222
2026-07-03 13:45:00-07:00,289.7999999999999
2026-07-03 14:00:00-07:00,294.1333333322222
2026-07-03 14:15:00-07:00,301.37333333333333
2026-07-03 14:30:00-07:00,291.79999999888895
2026-07-03 14:45:00-07:00,301.65333333333336
2026-07-03 15:00:00-07:00,326.10666666666657
2026-07-03 15:15:00-07:00,387.6133333333332
2026-07-03 15:30:00-07:00,424.7999999988889
2026-07-03 15:45:00-07:00,434.9333333333334
2026-07-03 16:00:00-07:00,465.91999999999996
2026-07-03 16:15:00-07:00,519.4
2026-07-03 16:30:00-07:00,519.1066666644444
2026-07-03 16:45:00-07:00,535.2666666666665
2026-07-03 17:00:00-07:00,537.2666666655554
2026-07-03 17:15:00-07:00,523.4133333333331
2026-07-03 17:30:00-07:00,521.7333333333332
2026-07-03 17:45:00-07:00,507.3999999988888
2026-07-03 18:00:00-07:00,476.2799999999999
2026-07-03 18:15:00-07:00,430.3599999999999
2026-07-03 18:30:00-07:00,402.35999999999996
2026-07-03 18:45:00-07:00,369.1333333333333
2026-07-03 19:00:00-07:00,356.5333333333333
2026-07-03 19:15:00-07:00,330.2533333322222
2026-07-03 19:30:00-07:00,296.4666666655556
2026-07-03 19:45:00-07:00,282.24
2026-07-03 20:00:00-07:00,280.46666666666664
2026-07-03 20:15:00-07:00,268.3733333322222
2026-07-03 20:30:00-07:00,250.73333333222223
2026-07-03 20:45:00-07:00,224.87999999888888
2026-07-03 21:00:00-07:00,183.40000000000006
2026-07-03 21:15:00-07:00,156.33333333333334
2026-07-03 21:30:00-07:00,138.60000000000002
2026-07-03 21:45:00-07:00,128.09333333222224
2026-07-03 22:00:00-07:00,117.13333333333333
2026-07-03 22:15:00-07:00,123.7999999988889
2026-07-03 22:30:00-07:00,130.2
2026-07-03 22:45:00-07:00,139.38666666555554
2026-07-03 23:00:00-07:00,145.13333333333333
2026-07-03 23:15:00-07:00,141.86666666666667
2026-07-03 23:30:00-07:00,124.39999999777778
2026-07-03 23:45:00-07:00,105.93333333333334
2026-07-04 00:00:00-07:00,111.53333333333332
2026-07-04 00:15:00-07:00,111.53333333333333
2026-07-04 00:30:00-07:00,101.73333333333333
2026-07-04 00:45:00-07:00,81.66666666666666
2026-07-04 01:00:00-07:00,68.17333333222223
2026-07-04 01:15:00-07:00,60.2
2026-07-04 01:30:00-07:00,61.733333332222216
2026-07-04 01:45:00-07:00,61.69333333333333
2026-07-04 02:00:00-07:00,54.6
2026-07-04 02:15:00-07:00,50.4
2026-07-04 02:30:00-07:00,42.0
2026-07-04 02:45:00-07:00,33.13333333333333
2026-07-04 03:00:00-07:00,28.466666666666665
2026-07-04 03:15:00-07:00,34.06666666666666
2026-07-04 03:30:00-07:00,49.46666666666667
2026-07-04 03:45:00-07:00,46.10666666666666
2026-07-04 04:00:00-07:00,78.4
2026-07-04 04:15:00-07:00,85.39999999999999
2026-07-04 04:30:00-07:00,102.48
2026-07-04 04:45:00-07:00,108.26666666666668
2026-07-04 05:00:00-07:00,183.4
2026-07-04 05:15:00-07:00,239.77333333333334
2026-07-04 05:30:00-07:00,292.0400000000001
2026-07-04 05:45:00-07:00,359.23999999999995
2026-07-04 06:00:00-07:00,456.12000000000006
2026-07-04 06:15:00-07:00,559.8533333322223
2026-07-04 06:30:00-07:00,643.0666666666667
2026-07-04 06:45:00-07:00,690.6666666666665
2026-07-04 07:00:00-07:00,688.0533333333332
2026-07-04 07:15:00-07:00,706.5333333333332
2026-07-04 07:30:00-07:00,717.1733333333333
2026-07-04 07:45:00-07:00,723.1466666666665
2026-07-04 08:00:00-07:00,710.6399999999996
2026-07-04 08:15:00-07:00,716.9866666666663
2026-07-04 08:30:00-07:00,746.6666666666665
2026-07-04 08:45:00-07:00,747.5466666655554
2026-07-04 09:00:00-07:00,738.0799999999997
2026-07-04 09:15:00-07:00,753.5199999988888
2026-07-04 09:30:00-07:00,749.5066666655555
2026-07-04 09:45:00-07:00,765.7066666666665
2026-07-04 10:00:00-07:00,711.7066666655554
2026-07-04 10:15:00-07:00,618.4266666666664
2026-07-04 10:30:00-07:00,544.3199999999998
2026-07-04 10:45:00-07:00,539.3599999977777
2026-07-04 11:00:00-07:00,498.53333333222196
2026-07-04 11:15:00-07:00,484.10666666444445
2026-07-04 11:30:00-07:00,430.21333333222225
2026-07-04 11:45:00-07:00,392.28000000000003
2026-07-04 12:00:00-07:00,379.9999999988889
2026-07-04 12:15:00-07:00,380.8
2026-07-04 12:30:00-07:00,378.0399999988888
2026-07-04 12:45:00-07:00,330.5733333311111
2026-07-04 13:00:00-07:00,314.19999999888887
2026-07-04 13:15:00-07:00,283.0666666644444
2026-07-04 13:30:00-07:00,320.1333333333333
2026-07-04 13:45:00-07:00,309.4
2026-07-04 14:00:00-07:00,336.9333333333333
2026-07-04 14:15:00-07:00,376.4133333333334
2026-07-04 14:30:00-07:00,402.4533333333332
2026-07-04 14:45:00-07:00,426.6666666655554
2026-07-04 15:00:00-07:00,447.2533333333332
2026-07-04 15:15:00-07:00,441.4666666666666
2026-07-04 15:30:00-07:00,428.9999999988889
2026-07-04 15:45:00-07:00,458.08000000000004
2026-07-04 16:00:00-07:00,482.85333333222235
2026-07-04 16:15:00-07:00,481.0399999999999
2026-07-04 16:30:00-07:00,503.3466666666666
2026-07-04 16:45:00-07:00,532.3733333333333
2026-07-04 17:00:00-07:00,538.9466666655555
2026-07-04 17:15:00-07:00,572.6
2026-07-04 17:30:00-07:00,564.239999998889
2026-07-04 17:45:00-07:00,561.12
2026-07-04 18:00:00-07:00,517.9466666655555
2026-07-04 18:15:00-07:00,456.8666666666666
2026-07-04 18:30:00-07:00,421.62666666555555
2026-07-04 18:45:00-07:00,382.2933333333333
2026-07-04 19:00:00-07:00,349.66666666555557
2026-07-04 19:15:00-07:00,311.8133333311111
2026-07-04 19:30:00-07:00,300.62666666666667
2026-07-04 19:45:00-07:00,303.24000000000007
2026-07-04 20:00:00-07:00,283.99999999777776
2026-07-04 20:15:00-07:00,301.5999999988889
2026-07-04 20:30:00-07:00,283.3999999988888
2026-07-04 20:45:00-07:00,273.41333333222224
2026-07-04 21:00:00-07:00,272.06666666666666
2026-07-04 21:15:00-07:00,249.9866666655556
2026-07-04 21:30:00-07:00,215.13333333333335
2026-07-04 21:45:00-07:00,169.96000000000004
2026-07-04 22:00:00-07:00,159.26666666555556
2026-07-04 22:15:00-07:00,115.95999999888889
2026-07-04 22:30:00-07:00,111.62666666666667
2026-07-04 22:45:00-07:00,92.12
2026-07-04 23:00:00-07:00,77.00000000000001
2026-07-04 23:15:00-07:00,80.26666666666667
2026-07-04 23:30:00-07:00,90.53333333333335
2026-07-04 23:45:00-07:00,97.06666666666666
2026-07-05 00:00:00-07:00,82.6
2026-07-05 00:15:00-07:00,94.73333333333333
2026-07-05 00:30:00-07:00,89.88000000000001
2026-07-05 00:45:00-07:00,100.8
2026-07-05 01:00:00-07:00,98.46666666666667
2026-07-05 01:15:00-07:00,104.3333333311111
2026-07-05 01:30:00-07:00,93.55999999888888
2026-07-05 01:45:00-07:00,90.53333333333335
2026-07-05 02:00:00-07:00,91.0
2026-07-05 02:15:00-07:00,84.0
2026-07-05 02:30:00-07:00,96.13333333333333
2026-07-05 02:45:00-07:00,99.06666666555556
2026-07-05 03:00:00-07:00,97.44
2026-07-05 03:15:00-07:00,83.19999999888891
2026-07-05 03:30:00-07:00,85.4
2026-07-05 03:45:00-07:00,74.7999999988889
2026-07-05 04:00:00-07:00,83.81333333333333
2026-07-05 04:15:00-07:00,102.38666666666667
2026-07-05 04:30:00-07:00,92.4
2026-07-05 04:45:00-07:00,107.24000000000001
2026-07-05 05:00:00-07:00,117.88
2026-07-05 05:15:00-07:00,140.0
2026-07-05 05:30:00-07:00,202.3466666666667
2026-07-05 05:45:00-07:00,302.8666666666667
2026-07-05 06:00:00-07:00,418.04
2026-07-05 06:15:00-07:00,512.1599999988888
2026-07-05 06:30:00-07:00,641.4799999999998
2026-07-05 06:45:00-07:00,720.4399999999998
2026-07-05 07:00:00-07:00,733.5999999999997
2026-07-05 07:15:00-07:00,737.333333333333
2026-07-05 07:30:00-07:00,753.6666666666665
2026-07-05 07:45:00-07:00,757.0666666655554
2026-07-05 08:00:00-07:00,738.3599999999998
2026-07-05 08:15:00-07:00,725.8533333333332
2026-07-05 08:30:00-07:00,723.3733333322218
2026-07-05 08:45:00-07:00,716.0933333322222
2026-07-05 09:00:00-07:00,762.5333333333331
2026-07-05 09:15:00-07:00,764.3999999999997
2026-07-05 09:30:00-07:00,731.9999999977775
2026-07-05 09:45:00-07:00,717.2666666666663
2026-07-05 10:00:00-07:00,707.7866666655556
2026-07-05 10:15:00-07:00,629.6666666655555
2026-07-05 10:30:00-07:00,523.6799999977777
2026-07-05 10:45:00-07:00,463.9599999999999
2026-07-05 11:00:00-07:00,411.4799999955555
2026-07-05 11:15:00-07:00,422.7999999999999
2026-07-05 11:30:00-07:00,429.0533333333333
2026-07-05 11:45:00-07:00,375.33333333222225
2026-07-05 12:00:00-07:00,330.1066666644445
2026-07-05 12:15:00-07:00,333.2933333333333
2026-07-05 12:30:00-07:00,342.5333333333333
2026-07-05 12:45:00-07:00,353.7333333333334
2026-07-05 13:00:00-07:00,344.81333333222227
2026-07-05 13:15:00-07:00,350.7866666655556
2026-07-05 13:30:00-07:00,329.3199999988888
2026-07-05 13:45:00-07:00,309.8666666666667
2026-07-05 14:00:00-07:00,302.3999999999999
2026-07-05 14:15:00-07:00,309.71999999888897
2026-07-05 14:30:00-07:00,277.20000000000005
2026-07-05 14:45:00-07:00,261.5999999977778
2026-07-05 15:00:00-07:00,272.62666666666655
2026-07-05 15:15:00-07:00,291.9466666666667
2026-07-05 15:30:00-07:00,310.61333333333334
2026-07-05 15:45:00-07:00,375.47999999999996
2026-07-05 16:00:00-07:00,386.02666666666664
2026-07-05 16:15:00-07:00,400.06666666555566
2026-07-05 16:30:00-07:00,440.10666666555557
2026-07-05 16:45:00-07:00,467.9733333333332
2026-07-05 17:00:00-07:00,519.4399999988889
2026-07-05 17:15:00-07:00,519.5866666666667
2026-07-05 17:30:00-07:00,543.1999999999999
2026-07-05 17:45:00-07:00,520.0533333333331
2026-07-05 18:00:00-07:00,525.2800000000001
2026-07-05 18:15:00-07:00,500.91999999999996
2026-07-05 18:30:00-07:00,455.09333333333325
2026-07-05 18:45:00-07:00,422.33333333333326
2026-07-05 19:00:00-07:00,355.7333333322222
2026-07-05 19:15:00-07:00,305.8533333333333
2026-07-05 19:30:00-07:00,257.73333333222223
2026-07-05 19:45:00-07:00,210.46666666666667
2026-07-05 20:00:00-07:00,177.05333333333334
2026-07-05 20:15:00-07:00,142.8
2026-07-05 20:30:00-07:00,125.99999999999999
2026-07-05 20:45:00-07:00,113.4
2026-07-05 21:00:00-07:00,107.33333333333334
2026-07-05 21:15:00-07:00,119.0
2026-07-05 21:30:00-07:00,101.26666666666667
2026-07-05 21:45:00-07:00,94.73333333333335
2026-07-05 22:00:00-07:00,103.13333333333333
2026-07-05 22:15:00-07:00,91.59999999888889
2026-07-05 22:30:00-07:00,89.97333333333334
2026-07-05 22:45:00-07:00,94.73333333333332
2026-07-05 23:00:00-07:00,91.0
2026-07-05 23:15:00-07:00,71.86666666666667
2026-07-05 23:30:00-07:00,86.33333333333333
2026-07-05 23:45:00-07:00,104.06666666666666
2026-07-06 00:00:00-07:00,107.8
2026-07-06 00:15:00-07:00,133.9333333333333
2026-07-06 00:30:00-07:00,136.36
2026-07-06 00:45:00-07:00,135.33333333333334
2026-07-06 01:00:00-07:00,138.6
2026-07-06 01:15:00-07:00,132.1999999988889
2026-07-06 01:30:00-07:00,117.13333333333334
2026-07-06 01:45:00-07:00,99.86666666666666
2026-07-06 02:00:00-07:00,78.99999999888888
2026-07-06 02:15:00-07:00,50.86666666666667
2026-07-06 02:30:00-07:00,51.800000000000004
2026-07-06 02:45:00-07:00,45.266666666666666
2026-07-06 03:00:00-07:00,45.73333333333333
2026-07-06 03:15:00-07:00,53.199999999999996
2026-07-06 03:30:00-07:00,62.06666666666666
2026-07-06 03:45:00-07:00,68.13333333333334
2026-07-06 04:00:00-07:00,73.73333333333333
2026-07-06 04:15:00-07:00,95.66666666666669
2026-07-06 04:30:00-07:00,114.33333333333334
2026-07-06 04:45:00-07:00,138.13333333333333
2026-07-06 05:00:00-07:00,165.94666666666672
2026-07-06 05:15:00-07:00,226.98666666666668
2026-07-06 05:30:00-07:00,316.40000000000003
2026-07-06 05:45:00-07:00,390.1333333333333
2026-07-06 06:00:00-07:00,493.17333333333346
2026-07-06 06:15:00-07:00,593.88
2026-07-06 06:30:00-07:00,675.0266666655552
2026-07-06 06:45:00-07:00,725.053333332222
2026-07-06 07:00:00-07:00,722.0666666655554
2026-07-06 07:15:00-07:00,728.5066666655556
2026-07-06 07:30:00-07:00,728.4666666666667
2026-07-06 07:45:00-07:00,729.8666666666663
2026-07-06 08:00:00-07:00,707.56
2026-07-06 08:15:00-07:00,732.6666666666667
2026-07-06 08:30:00-07:00,778.2133333333333
2026-07-06 08:45:00-07:00,788.6666666666665
2026-07-06 09:00:00-07:00,798.3599999977778
2026-07-06 09:15:00-07:00,789.2266666666665
2026-07-06 09:30:00-07:00,776.2533333333332
2026-07-06 09:45:00-07:00,760.4666666644442
2026-07-06 10:00:00-07:00,771.6666666644442
2026-07-06 10:15:00-07:00,733.8799999999999
2026-07-06 10:30:00-07:00,652.96
2026-07-06 10:45:00-07:00,587.3733333300002
2026-07-06 11:00:00-07:00,580.2533333333333
2026-07-06 11:15:00-07:00,563.2666666666665
2026-07-06 11:30:00-07:00,519.0666666655554
2026-07-06 11:45:00-07:00,455.19999999444434
2026-07-06 12:00:00-07:00,396.18666666444443
2026-07-06 12:15:00-07:00,352.7466666655556
2026-07-06 12:30:00-07:00,335.1333333288889
2026-07-06 12:45:00-07:00,317.9866666666667
2026-07-06 13:00:00-07:00,295.9999999988889
2026-07-06 13:15:00-07:00,308.5466666644444
2026-07-06 13:30:00-07:00,323.96
2026-07-06 13:45:00-07:00,333.1466666655554
2026-07-06 14:00:00-07:00,330.67999999999995
2026-07-06 14:15:00-07:00,337.12
2026-07-06 14:30:00-07:00,345.33333333333337
2026-07-06 14:45:00-07:00,358.9999999988888
2026-07-06 15:00:00-07:00,387.3333333333333
2026-07-06 15:15:00-07:00,426.72
2026-07-06 15:30:00-07:00,459.75999999999993
2026-07-06 15:45:00-07:00,487.4799999999999
2026-07-06 16:00:00-07:00,490.4133333322222
2026-07-06 16:15:00-07:00,525.9333333333334
2026-07-06 16:30:00-07:00,575.3999999999999
2026-07-06 16:45:00-07:00,612.3466666644442
2026-07-06 17:00:00-07:00,604.7999999999998
2026-07-06 17:15:00-07:00,582.2133333333331
2026-07-06 17:30:00-07:00,566.9066666666666
2026-07-06 17:45:00-07:00,570.8666666655554
2026-07-06 18:00:00-07:00,590.8933333333332
2026-07-06 18:15:00-07:00,568.3999999999999
2026-07-06 18:30:00-07:00,523.5066666666665
2026-07-06 18:45:00-07:00,476.6533333333333
2026-07-06 19:00:00-07:00,450.3333333333333
2026-07-06 19:15:00-07:00,399.0
2026-07-06 19:30:00-07:00,339.1199999988889
2026-07-06 19:45:00-07:00,283.3999999988889
2026-07-06 20:00:00-07:00,215.4933333311111
2026-07-06 20:15:00-07:00,192.86666666555556
2026-07-06 20:30:00-07:00,190.58666666666667
2026-07-06 20:45:00-07:00,186.20000000000005
2026-07-06 21:00:00-07:00,180.13333333333333
2026-07-06 21:15:00-07:00,180.13333333333335
2026-07-06 21:30:00-07:00,198.33333333333331
2026-07-06 21:45:00-07:00,181.72
2026-07-06 22:00:00-07:00,191.33333333333334
2026-07-06 22:15:00-07:00,166.73333333222223
2026-07-06 22:30:00-07:00,139.57333333222223
2026-07-06 22:45:00-07:00,116.66666666666667
2026-07-06 23:00:00-07:00,111.34666666666666
2026-07-06 23:15:00-07:00,106.86666666666667
2026-07-06 23:30:00-07:00,95.66666666666667
2026-07-06 23:45:00-07:00,99.34666666555556
2026-07-07 00:00:00-07:00,86.8
2026-07-07 00:15:00-07:00,92.9999999988889
2026-07-07 00:30:00-07:00,97.06666666666668
2026-07-07 00:45:00-07:00,96.6
2026-07-07 01:00:00-07:00,95.38666666666666
2026-07-07 01:15:00-07:00,102.66666666666667
2026-07-07 01:30:00-07:00,95.33333333222222
2026-07-07 01:45:00-07:00,81.66666666666667
2026-07-07 02:00:00-07:00,82.60000000000001
2026-07-07 02:15:00-07:00,77.93333333333332
2026-07-07 02:30:00-07:00,81.75999999999999
2026-07-07 02:45:00-07:00,89.60000000000001
2026-07-07 03:00:00-07:00,107.80000000000003
2026-07-07 03:15:00-07:00,108.73333333333332
2026-07-07 03:30:00-07:00,108.73333333333333
2026-07-07 03:45:00-07:00,107.05333333333334
2026-07-07 04:00:00-07:00,108.26666666666667
2026-07-07 04:15:00-07:00,115.77333333222222
2026-07-07 04:30:00-07:00,111.44000000000001
2026-07-07 04:45:00-07:00,108.73333333333333
2026-07-07 05:00:00-07:00,118.62666666666668
2026-07-07 05:15:00-07:00,133.93333333333337
2026-07-07 05:30:00-07:00,175.46666666666664
2026-07-07 05:45:00-07:00,243.78666666666663
2026-07-07 06:00:00-07:00,306.5466666655556
2026-07-07 06:15:00-07:00,389.0533333322222
2026-07-07 06:30:00-07:00,470.21333333333325
2026-07-07 06:45:00-07:00,529.1999999999999
2026-07-07 07:00:00-07:00,635.1333333333332
2026-07-07 07:15:00-07:00,695.3333333333333
2026-07-07 07:30:00-07:00,685.1066666655556
2026-07-07 07:45:00-07:00,690.3333333322221
2026-07-07 08:00:00-07:00,691.6933333333332
2026-07-07 08:15:00-07:00,701.3999999999999
2026-07-07 08:30:00-07:00,699.3466666666666
2026-07-07 08:45:00-07:00,708.0266666666663
2026-07-07 09:00:00-07:00,666.7199999988886
2026-07-07 09:15:00-07:00,655.9866666655555
2026-07-07 09:30:00-07:00,707.9333333333332
2026-07-07 09:45:00-07:00,694.0266666666665
2026-07-07 10:00:00-07:00,670.0399999999997
2026-07-07 10:15:00-07:00,619.0799999999999
2026-07-07 10:30:00-07:00,553.0399999988888
2026-07-07 10:45:00-07:00,545.0666666666665
2026-07-07 11:00:00-07:00,522.1999999999998
2026-07-07 11:15:00-07:00,504.8799999988888
2026-07-07 11:30:00-07:00,450.8
2026-07-07 11:45:00-07:00,416.25333333111104
2026-07-07 12:00:00-07:00,399.09333333333336
2026-07-07 12:15:00-07:00,408.9333333322222
2026-07-07 12:30:00-07:00,425.6
2026-07-07 12:45:00-07:00,398.0666666666667
2026-07-07 13:00:00-07:00,347.5199999988889
2026-07-07 13:15:00-07:00,303.05333333333334
2026-07-07 13:30:00-07:00,302.4399999988888
2026-07-07 13:45:00-07:00,305.48
2026-07-07 14:00:00-07:00,316.5333333322223
2026-07-07 14:15:00-07:00,313.31999999999994
2026-07-07 14:30:00-07:00,360.82666666666665
2026-07-07 14:45:00-07:00,378.8399999999999
2026-07-07 15:00:00-07:00,400.19999999777764
2026-07-07 15:15:00-07:00,434.0933333333333
2026-07-07 15:30:00-07:00,482.62666666666667
2026-07-07 15:45:00-07:00,539.5999999988888
2026-07-07 16:00:00-07:00,545.1066666655555
2026-07-07 16:15:00-07:00,558.5466666655554
2026-07-07 16:30:00-07:00,548.7066666666665
2026-07-07 16:45:00-07:00,558.04
2026-07-07 17:00:00-07:00,590.4266666666665
2026-07-07 17:15:00-07:00,624.1199999999999
2026-07-07 17:30:00-07:00,618.7999999999997
2026-07-07 17:45:00-07:00,543.9333333311109
2026-07-07 18:00:00-07:00,514.7333333333332
2026-07-07 18:15:00-07:00,483.9333333333333
2026-07-07 18:30:00-07:00,439.26666666555553
2026-07-07 18:45:00-07:00,419.9066666666667
2026-07-07 19:00:00-07:00,411.50666666666666
2026-07-07 19:15:00-07:00,326.2399999988889
2026-07-07 19:30:00-07:00,280.13333333222215
2026-07-07 19:45:00-07:00,284.6666666666667
2026-07-07 20:00:00-07:00,266.0
2026-07-07 20:15:00-07:00,251.19999999888887
2026-07-07 20:30:00-07:00,234.15999999777776
2026-07-07 20:45:00-07:00,217.41333333222224
2026-07-07 21:00:00-07:00,177.31999999777778
2026-07-07 21:15:00-07:00,188.44
2026-07-07 21:30:00-07:00,200.20000000000002
2026-07-07 21:45:00-07:00,191.33333333333334
2026-07-07 22:00:00-07:00,176.5333333322222
2026-07-07 22:15:00-07:00,165.48
2026-07-07 22:30:00-07:00,156.70666666666665
2026-07-07 22:45:00-07:00,145.60000000000002
2026-07-07 23:00:00-07:00,130.01333333333335
2026-07-07 23:15:00-07:00,108.64
2026-07-07 23:30:00-07:00,84.93333333333334
2026-07-07 23:45:00-07:00,81.19999999999999
2026-07-08 00:00:00-07:00,79.8
2026-07-08 00:15:00-07:00,74.66666666666666
2026-07-08 00:30:00-07:00,69.53333333333333
2026-07-08 00:45:00-07:00,68.6
2026-07-08 01:00:00-07:00,61.13333333333333
2026-07-08 01:15:00-07:00,66.54666666666667
2026-07-08 01:30:00-07:00,82.13333333333333
2026-07-08 01:45:00-07:00,73.26666666666667
2026-07-08 02:00:00-07:00,68.6
2026-07-08 02:15:00-07:00,73.73333333333333
2026-07-08 02:30:00-07:00,68.13333333333334
2026-07-08 02:45:00-07:00,68.63999999888888
2026-07-08 03:00:00-07:00,79.14666666666668
2026-07-08 03:15:00-07:00,79.33333333333333
2026-07-08 03:30:00-07:00,70.93333333333332
2026-07-08 03:45:00-07:00,78.62666666555555
2026-07-08 04:00:00-07:00,97.99999999999999
2026-07-08 04:15:00-07:00,109.66666666666666
2026-07-08 04:30:00-07:00,125.62666666666668
2026-07-08 04:45:00-07:00,126.0
2026-07-08 05:00:00-07:00,143.21333333222225
2026-07-08 05:15:00-07:00,186.9466666666667
2026-07-08 05:30:00-07:00,258.06666666666666
2026-07-08 05:45:00-07:00,342.25333333333333
2026-07-08 06:00:00-07:00,402.5466666666667
2026-07-08 06:15:00-07:00,467.97333333333324
2026-07-08 06:30:00-07:00,542.9199999999996
2026-07-08 06:45:00-07:00,686.0
2026-07-08 07:00:00-07:00,742.8399999999999
2026-07-08 07:15:00-07:00,744.3333333333331
2026-07-08 07:30:00-07:00,750.3999999999999
2026-07-08 07:45:00-07:00,755.5333333333333
2026-07-08 08:00:00-07:00,785.7733333333333
2026-07-08 08:15:00-07:00,797.8133333333333
2026-07-08 08:30:00-07:00,793.093333332222
2026-07-08 08:45:00-07:00,800.24
2026-07-08 09:00:00-07:00,802.9333333311109
2026-07-08 09:15:00-07:00,792.5333333322219
2026-07-08 09:30:00-07:00,795.5199999988888
2026-07-08 09:45:00-07:00,759.6799999988888
2026-07-08 10:00:00-07:00,725.7866666633332
2026-07-08 10:15:00-07:00,671.9466666655555
2026-07-08 10:30:00-07:00,614.9199999988888
2026-07-08 10:45:00-07:00,539.373333333333
2026-07-08 11:00:00-07:00,521.8666666655555
2026-07-08 11:15:00-07:00,502.45333333222214
2026-07-08 11:30:00-07:00,438.2133333277778
2026-07-08 11:45:00-07:00,395.39999999888886
2026-07-08 12:00:00-07:00,365.25333333222216
2026-07-08 12:15:00-07:00,360.1999999966667
2026-07-08 12:30:00-07:00,346.82666666666665
2026-07-08 12:45:00-07:00,310.1866666655556
2026-07-08 13:00:00-07:00,247.80000000000004
2026-07-08 13:15:00-07:00,232.86666666666667
2026-07-08 13:30:00-07:00,264.97333333333324
2026-07-08 13:45:00-07:00,280.28000000000003
2026-07-08 14:00:00-07:00,293.99999999999994
2026-07-08 14:15:00-07:00,307.9066666666667
2026-07-08 14:30:00-07:00,319.0133333333333
2026-07-08 14:45:00-07:00,350.00000000000006
2026-07-08 15:00:00-07:00,391.1999999988888
2026-07-08 15:15:00-07:00,405.9066666666666
2026-07-08 15:30:00-07:00,397.03999999999985
2026-07-08 15:45:00-07:00,385.18666666666655
2026-07-08 16:00:00-07:00,386.4
2026-07-08 16:15:00-07:00,393.0666666655556
2026-07-08 16:30:00-07:00,428.5866666666667
2026-07-08 16:45:00-07:00,452.7999999988889
2026-07-08 17:00:00-07:00,451.39999999888886
2026-07-08 17:15:00-07:00,442.4
2026-07-08 17:30:00-07:00,445.33333333222214
2026-07-08 17:45:00-07:00,451.73333333333323
2026-07-08 18:00:00-07:00,454.53333333333325
2026-07-08 18:15:00-07:00,427.173333331111
2026-07-08 18:30:00-07:00,403.48
2026-07-08 18:45:00-07:00,379.53333333222224
2026-07-08 19:00:00-07:00,350.6933333322222
2026-07-08 19:15:00-07:00,363.7599999988888
2026-07-08 19:30:00-07:00,368.4799999999999
2026-07-08 19:45:00-07:00,373.1466666666666
2026-07-08 20:00:00-07:00,346.54666666666657
2026-07-08 20:15:00-07:00,325.1733333333333
2026-07-08 20:30:00-07:00,302.8666666666667
2026-07-08 20:45:00-07:00,270.2
2026-07-08 21:00:00-07:00,258.44
2026-07-08 21:15:00-07:00,237.06666666666672
2026-07-08 21:30:00-07:00,211.96000000000004
2026-07-08 21:45:00-07:00,196.00000000000003
2026-07-08 22:00:00-07:00,184.98666666666668
2026-07-08 22:15:00-07:00,173.69333333333333
2026-07-08 22:30:00-07:00,162.90666666555555
2026-07-08 22:45:00-07:00,151.66666666666669
2026-07-08 23:00:00-07:00,135.8
2026-07-08 23:15:00-07:00,120.19999999777778
2026-07-08 23:30:00-07:00,107.61333333333334
2026-07-08 23:45:00-07:00,102.2
2026-07-09 00:00:00-07:00,109.66666666666666
2026-07-09 00:15:00-07:00,98.46666666666667
2026-07-09 00:30:00-07:00,97.38666666555555
2026-07-09 00:45:00-07:00,98.93333333333332
2026-07-09 01:00:00-07:00,102.19999999999999
2026-07-09 01:15:00-07:00,91.46666666666667
2026-07-09 01:30:00-07:00,83.99999999999999
2026-07-09 01:45:00-07:00,90.06666666666666
2026-07-09 02:00:00-07:00,99.4
2026-07-09 02:15:00-07:00,117.6
2026-07-09 02:30:00-07:00,105.37333333333333
2026-07-09 02:45:00-07:00,105.37333333333333
2026-07-09 03:00:00-07:00,106.86666666666667
2026-07-09 03:15:00-07:00,118.34666666666669
2026-07-09 03:30:00-07:00,119.26666666444446
2026-07-09 03:45:00-07:00,109.66666666666669
2026-07-09 04:00:00-07:00,115.26666666666667
2026-07-09 04:15:00-07:00,112.93333333333334
2026-07-09 04:30:00-07:00,130.2
2026-07-09 04:45:00-07:00,123.75999999999999
2026-07-09 05:00:00-07:00,129.73333333333332
2026-07-09 05:15:00-07:00,170.98666666666668
2026-07-09 05:30:00-07:00,228.85333333333338
2026-07-09 05:45:00-07:00,299.87999999999994
2026-07-09 06:00:00-07:00,361.6666666666667
2026-07-09 06:15:00-07:00,453.22666666666674
2026-07-09 06:30:00-07:00,546.6533333333333
2026-07-09 06:45:00-07:00,671.5333333333334
2026-07-09 07:00:00-07:00,733.1333333333333
2026-07-09 07:15:00-07:00,741.5333333333332
2026-07-09 07:30:00-07:00,732.2933333333334
2026-07-09 07:45:00-07:00,747.5999999999997
2026-07-09 08:00:00-07:00,774.3333333322223
2026-07-09 08:15:00-07:00,765.6133333333329
2026-07-09 08:30:00-07:00,772.7066666666666
2026-07-09 08:45:00-07:00,759.0666666644441
2026-07-09 09:00:00-07:00,793.5999999977777
2026-07-09 09:15:00-07:00,772.5999999977778
2026-07-09 09:30:00-07:00,771.68
2026-07-09 09:45:00-07:00,773.4533333333333
2026-07-09 10:00:00-07:00,712.2666666655552
2026-07-09 10:15:00-07:00,668.5466666666666
2026-07-09 10:30:00-07:00,607.0799999988888
2026-07-09 10:45:00-07:00,530.0799999988888
2026-07-09 11:00:00-07:00,470.0666666655555
2026-07-09 11:15:00-07:00,459.46666666444435
2026-07-09 11:30:00-07:00,435.7066666633333
2026-07-09 11:45:00-07:00,395.26666666666677
2026-07-09 12:00:00-07:00,389.20000000000005
2026-07-09 12:15:00-07:00,355.15999999666667
2026-07-09 12:30:00-07:00,335.93333333
2026-07-09 12:45:00-07:00,312.47999999999996
2026-07-09 13:00:00-07:00,278.7333333322222
2026-07-09 13:15:00-07:00,286.66666666555557
2026-07-09 13:30:00-07:00,299.88
2026-07-09 13:45:00-07:00,304.7599999966667
2026-07-09 14:00:00-07:00,321.06666666666666
2026-07-09 14:15:00-07:00,356.9066666666666
2026-07-09 14:30:00-07:00,360.8666666655555
2026-07-09 14:45:00-07:00,385.18666666666667
2026-07-09 15:00:00-07:00,429.4666666655556
2026-07-09 15:15:00-07:00,429.9866666666665
2026-07-09 15:30:00-07:00,452.85333333333324
2026-07-09 15:45:00-07:00,463.4399999988888
2026-07-09 16:00:00-07:00,475.5333333333332
2026-07-09 16:15:00-07:00,484.47999999777767
2026-07-09 16:30:00-07:00,531.4399999999999
2026-07-09 16:45:00-07:00,579.9733333333335
2026-07-09 17:00:00-07:00,570.7333333333335
2026-07-09 17:15:00-07:00,574.933333333333
2026-07-09 17:30:00-07:00,575.0666666655554
2026-07-09 17:45:00-07:00,551.9733333333332
2026-07-09 18:00:00-07:00,529.6666666666666
2026-07-09 18:15:00-07:00,489.4399999999999
2026-07-09 18:30:00-07:00,418.3066666644444
2026-07-09 18:45:00-07:00,360.36
2026-07-09 19:00:00-07:00,356.43999999999994
2026-07-09 19:15:00-07:00,337.2133333333333
2026-07-09 19:30:00-07:00,315.4666666666667
2026-07-09 19:45:00-07:00,300.81333333333333
2026-07-09 20:00:00-07:00,293.1999999988889
2026-07-09 20:15:00-07:00,265.66666666555557
2026-07-09 20:30:00-07:00,239.25333333222224
2026-07-09 20:45:00-07:00,215.13333333333335
2026-07-09 21:00:00-07:00,192.02666666555555
2026-07-09 21:15:00-07:00,159.9199999988889
2026-07-09 21:30:00-07:00,147.00000000000003
2026-07-09 21:45:00-07:00,155.4
2026-07-09 22:00:00-07:00,148.86666666666667
2026-07-09 22:15:00-07:00,147.0399999988889
2026-07-09 22:30:00-07:00,134.5333333322222
2026-07-09 22:45:00-07:00,117.73333333222223
2026-07-09 23:00:00-07:00,108.3999999988889
2026-07-09 23:15:00-07:00,114.46666666555556
2026-07-09 23:30:00-07:00,106.12
2026-07-09 23:45:00-07:00,81.66666666666667
2026-07-10 00:00:00-07:00,78.30666666666666
2026-07-10 00:15:00-07:00,90.2933333322222
2026-07-10 00:30:00-07:00,98.93333333333334
2026-07-10 00:45:00-07:00,107.8
2026-07-10 01:00:00-07:00,100.46666666555556
2026-07-10 01:15:00-07:00,113.67999999999999
2026-07-10 01:30:00-07:00,130.94666666666666
2026-07-10 01:45:00-07:00,134.86666666666665
2026-07-10 02:00:00-07:00,142.42666666666668
2026-07-10 02:15:00-07:00,124.60000000000001
2026-07-10 02:30:00-07:00,118.44000000000001
2026-07-10 02:45:00-07:00,121.42666666666668
2026-07-10 03:00:00-07:00,130.66666666666669
2026-07-10 03:15:00-07:00,110.60000000000001
2026-07-10 03:30:00-07:00,84.13333333222224
2026-07-10 03:45:00-07:00,74.19999999999999
2026-07-10 04:00:00-07:00,82.60000000000001
2026-07-10 04:15:00-07:00,96.6
2026-07-10 04:30:00-07:00,99.81333333222223
2026-07-10 04:45:00-07:00,107.70666666666666
2026-07-10 05:00:00-07:00,153.1600000000001
2026-07-10 05:15:00-07:00,220.26666666666668
2026-07-10 05:30:00-07:00,257.7333333322222
2026-07-10 05:45:00-07:00,341.88000000000005
2026-07-10 06:00:00-07:00,422.89333333333315
2026-07-10 06:15:00-07:00,577.6799999988887
2026-07-10 06:30:00-07:00,656.5999999999996
2026-07-10 06:45:00-07:00,713.2533333333333
2026-07-10 07:00:00-07:00,710.0800000000002
2026-07-10 07:15:00-07:00,727.5333333333333
2026-07-10 07:30:00-07:00,739.1999999999998
2026-07-10 07:45:00-07:00,739.0133333333331
2026-07-10 08:00:00-07:00,735.8399999999998
2026-07-10 08:15:00-07:00,664.8133333333332
2026-07-10 08:30:00-07:00,729.4933333333332
2026-07-10 08:45:00-07:00,755.4799999988888
2026-07-10 09:00:00-07:00,750.8133333322221
2026-07-10 09:15:00-07:00,740.1333333333332
2026-07-10 09:30:00-07:00,769.5199999977777
2026-07-10 09:45:00-07:00,736.9599999999997
2026-07-10 10:00:00-07:00,724.5333333311111
2026-07-10 10:15:00-07:00,665.2266666655554
2026-07-10 10:30:00-07:00,570.1733333333333
2026-07-10 10:45:00-07:00,548.4666666655557
2026-07-10 11:00:00-07:00,539.0799999977777
2026-07-10 11:15:00-07:00,491.8666666666666
2026-07-10 11:30:00-07:00,453.63999999888887
2026-07-10 11:45:00-07:00,419.1999999988888
2026-07-10 12:00:00-07:00,385.13333333222215
2026-07-10 12:15:00-07:00,354.9866666655555
2026-07-10 12:30:00-07:00,340.9866666655555
2026-07-10 12:45:00-07:00,328.19999999888887
2026-07-10 13:00:00-07:00,325.11999999888894
2026-07-10 13:15:00-07:00,338.5199999999999
2026-07-10 13:30:00-07:00,351.4399999988889
2026-07-10 13:45:00-07:00,371.4666666666665
2026-07-10 14:00:00-07:00,408.7466666655555
2026-07-10 14:15:00-07:00,446.69333333333327
2026-07-10 14:30:00-07:00,450.65333333222213
2026-07-10 14:45:00-07:00,451.8666666655555
2026-07-10 15:00:00-07:00,466.01333333333326
2026-07-10 15:15:00-07:00,524.1999999988889
2026-07-10 15:30:00-07:00,551.6399999988889
2026-07-10 15:45:00-07:00,578.0133333333333
2026-07-10 16:00:00-07:00,566.2533333333333
2026-07-10 16:15:00-07:00,547.1199999999998
2026-07-10 16:30:00-07:00,573.5333333333333
2026-07-10 16:45:00-07:00,573.5333333333332
2026-07-10 17:00:00-07:00,566.9999999999999
2026-07-10 17:15:00-07:00,529.333333332222
2026-07-10 17:30:00-07:00,484.96000000000004
2026-07-10 17:45:00-07:00,485.33333333333337
2026-07-10 18:00:00-07:00,501.2
2026-07-10 18:15:00-07:00,487.70666666555553
2026-07-10 18:30:00-07:00,419.2933333322221
2026-07-10 18:45:00-07:00,397.1333333333334
2026-07-10 19:00:00-07:00,398.06666666666666
2026-07-10 19:15:00-07:00,348.6
2026-07-10 19:30:00-07:00,328.0666666666666
2026-07-10 19:45:00-07:00,287.56
2026-07-10 20:00:00-07:00,240.46666666555555
2026-07-10 20:15:00-07:00,224.4666666666667
2026-07-10 20:30:00-07:00,246.86666666666667
2026-07-10 20:45:00-07:00,229.6
2026-07-10 21:00:00-07:00,213.07999999999998
2026-07-10 21:15:00-07:00,217.46666666666667
2026-07-10 21:30:00-07:00,211.86666666666667
2026-07-10 21:45:00-07:00,186.37333333111113
2026-07-10 22:00:00-07:00,171.26666666666668
2026-07-10 22:15:00-07:00,158.66666666666669
2026-07-10 22:30:00-07:00,123.79999999888891
2026-07-10 22:45:00-07:00,108.26666666666668
2026-07-10 23:00:00-07:00,87.92
2026-07-10 23:15:00-07:00,87.26666666666667
2026-07-10 23:30:00-07:00,81.19999999999999
2026-07-10 23:45:00-07:00,73.21333333222222
2026-07-11 00:00:00-07:00,59.733333333333334
2026-07-11 00:15:00-07:00,58.33333333333333
2026-07-11 00:30:00-07:00,50.86666666666667
2026-07-11 00:45:00-07:00,50.4
2026-07-11 01:00:00-07:00,52.733333333333334
2026-07-11 01:15:00-07:00,37.8
2026-07-11 01:30:00-07:00,31.733333333333334
2026-07-11 01:45:00-07:00,29.4
2026-07-11 02:00:00-07:00,29.58666666666667
2026-07-11 02:15:00-07:00,39.66666666666667
2026-07-11 02:30:00-07:00,46.66666666666667
2026-07-11 02:45:00-07:00,55.199999998888885
2026-07-11 03:00:00-07:00,48.53333333333333
2026-07-11 03:15:00-07:00,60.19999999999999
2026-07-11 03:30:00-07:00,61.599999999999994
2026-07-11 03:45:00-07:00,73.58666666555555
2026-07-11 04:00:00-07:00,85.86666666666667
2026-07-11 04:15:00-07:00,97.06666666666666
2026-07-11 04:30:00-07:00,119.0
2026-07-11 04:45:00-07:00,121.79999999999998
2026-07-11 05:00:00-07:00,150.45333333333332
2026-07-11 05:15:00-07:00,221.66666666666669
2026-07-11 05:30:00-07:00,299.8799999999998
2026-07-11 05:45:00-07:00,378.6533333333333
2026-07-11 06:00:00-07:00,452.4799999999999
2026-07-11 06:15:00-07:00,530.4533333322221
2026-07-11 06:30:00-07:00,620.4799999999999
2026-07-11 06:45:00-07:00,716.2799999988887
2026-07-11 07:00:00-07:00,751.7999999999998
2026-07-11 07:15:00-07:00,756.7866666655553
2026-07-11 07:30:00-07:00,768.5999999999997
2026-07-11 07:45:00-07:00,774.7066666655554
2026-07-11 08:00:00-07:00,760.9866666655555
2026-07-11 08:15:00-07:00,757.6799999999998
2026-07-11 08:30:00-07:00,749.9733333322221
2026-07-11 08:45:00-07:00,735.7333333311109
2026-07-11 09:00:00-07:00,783.533333333333
2026-07-11 09:15:00-07:00,783.6666666655555
2026-07-11 09:30:00-07:00,784.1866666666666
2026-07-11 09:45:00-07:00,782.5066666666663
2026-07-11 10:00:00-07:00,755.1599999999999
2026-07-11 10:15:00-07:00,689.1999999966665
2026-07-11 10:30:00-07:00,609.5466666644443
2026-07-11 10:45:00-07:00,530.9199999988888
2026-07-11 11:00:00-07:00,465.53333333111107
2026-07-11 11:15:00-07:00,416.5866666655555
2026-07-11 11:30:00-07:00,385.9333333333334
2026-07-11 11:45:00-07:00,332.62666666444443
2026-07-11 12:00:00-07:00,303.70666666666665
2026-07-11 12:15:00-07:00,295.2399999966667
2026-07-11 12:30:00-07:00,254.59999999777781
2026-07-11 12:45:00-07:00,277.57333333333344
2026-07-11 13:00:00-07:00,293.38666666555554
2026-07-11 13:15:00-07:00,279.81333333333333
2026-07-11 13:30:00-07:00,285.1333333333334
2026-07-11 13:45:00-07:00,282.37333333222216
2026-07-11 14:00:00-07:00,302.40000000000003
2026-07-11 14:15:00-07:00,331.89333333333326
2026-07-11 14:30:00-07:00,378.93333333333334
2026-07-11 14:45:00-07:00,372.96
2026-07-11 15:00:00-07:00,377.72
2026-07-11 15:15:00-07:00,429.42666666666656
2026-07-11 15:30:00-07:00,433.4399999999998
2026-07-11 15:45:00-07:00,458.26666666666654
2026-07-11 16:00:00-07:00,452.7999999988887
2026-07-11 16:15:00-07:00,483.9333333333333
2026-07-11 16:30:00-07:00,490.00000000000006
2026-07-11 16:45:00-07:00,533.68
2026-07-11 17:00:00-07:00,591.4533333333335
2026-07-11 17:15:00-07:00,560.9733333322222
2026-07-11 17:30:00-07:00,564.8533333333331
2026-07-11 17:45:00-07:00,559.333333331111
2026-07-11 18:00:00-07:00,546.9333333333332
2026-07-11 18:15:00-07:00,502.5999999999999
2026-07-11 18:30:00-07:00,474.7333333322221
2026-07-11 18:45:00-07:00,429.7066666666666
2026-07-11 19:00:00-07:00,366.23999999999995
2026-07-11 19:15:00-07:00,353.3999999988888
2026-07-11 19:30:00-07:00,327.41333333333336
2026-07-11 19:45:00-07:00,304.2133333322222
2026-07-11 20:00:00-07:00,280.4666666666667
2026-07-11 20:15:00-07:00,259.1733333311111
2026-07-11 20:30:00-07:00,228.79999999888895
2026-07-11 20:45:00-07:00,229.88
2026-07-11 21:00:00-07:00,224.46666666666673
2026-07-11 21:15:00-07:00,187.86666666444447
2026-07-11 21:30:00-07:00,175.28
2026-07-11 21:45:00-07:00,177.79999999999998
2026-07-11 22:00:00-07:00,170.09333333222222
2026-07-11 22:15:00-07:00,159.69333333333336
2026-07-11 22:30:00-07:00,145.60000000000002
2026-07-11 22:45:00-07:00,132.0666666666667
2026-07-11 23:00:00-07:00,132.47999999888893
2026-07-11 23:15:00-07:00,149.8
2026-07-11 23:30:00-07:00,121.8
2026-07-11 23:45:00-07:00,99.86666666666666
2026-07-12 00:00:00-07:00,90.90666666666667
2026-07-12 00:15:00-07:00,77.13333333222224
2026-07-12 00:30:00-07:00,68.50666666666666
2026-07-12 00:45:00-07:00,64.58666666666666
2026-07-12 01:00:00-07:00,53.42666666555555
2026-07-12 01:15:00-07:00,34.626666666666665
2026-07-12 01:30:00-07:00,49.93333333333333
2026-07-12 01:45:00-07:00,63.93333333333333
2026-07-12 02:00:00-07:00,73.73333333333333
2026-07-12 02:15:00-07:00,80.26666666666667
2026-07-12 02:30:00-07:00,73.82666666666667
2026-07-12 02:45:00-07:00,64.21333333333334
2026-07-12 03:00:00-07:00,67.2
2026-07-12 03:15:00-07:00,71.77333333333334
2026-07-12 03:30:00-07:00,56.46666666666667
2026-07-12 03:45:00-07:00,51.8
2026-07-12 04:00:00-07:00,49.0
2026-07-12 04:15:00-07:00,61.599999999999994
2026-07-12 04:30:00-07:00,71.4
2026-07-12 04:45:00-07:00,74.66666666666667
2026-07-12 05:00:00-07:00,97.16000000000001
2026-07-12 05:15:00-07:00,147.37333333333333
2026-07-12 05:30:00-07:00,223.44000000000005
2026-07-12 05:45:00-07:00,305.2
2026-07-12 06:00:00-07:00,435.7733333333334
2026-07-12 06:15:00-07:00,566.2533333333333
2026-07-12 06:30:00-07:00,692.9999999999998
2026-07-12 06:45:00-07:00,720.5333333333331
2026-07-12 07:00:00-07:00,722.4933333333332
2026-07-12 07:15:00-07:00,725.1999999999999
2026-07-12 07:30:00-07:00,728.9333333333333
2026-07-12 07:45:00-07:00,732.6666666666664
2026-07-12 08:00:00-07:00,724.2666666666668
2026-07-12 08:15:00-07:00,693.4666666666666
2026-07-12 08:30:00-07:00,700.2799999999999
2026-07-12 08:45:00-07:00,762.1999999988888
2026-07-12 09:00:00-07:00,768.213333331111
2026-07-12 09:15:00-07:00,761.5999999999998
2026-07-12 09:30:00-07:00,774.3333333322219
2026-07-12 09:45:00-07:00,766.3999999988887
2026-07-12 10:00:00-07:00,687.0666666655553
2026-07-12 10:15:00-07:00,625.7466666655554
2026-07-12 10:30:00-07:00,528.92
2026-07-12 10:45:00-07:00,489.2533333333333
2026-07-12 11:00:00-07:00,479.1599999977777
2026-07-12 11:15:00-07:00,450.7866666644444
2026-07-12 11:30:00-07:00,431.4799999999999
2026-07-12 11:45:00-07:00,401.79999999999995
2026-07-12 12:00:00-07:00,402.8266666666666
2026-07-12 12:15:00-07:00,380.26666666333335
2026-07-12 12:30:00-07:00,350.7333333311111
2026-07-12 12:45:00-07:00,361.2799999977778
2026-07-12 13:00:00-07:00,375.0533333322222
2026-07-12 13:15:00-07:00,381.64000000000004
2026-07-12 13:30:00-07:00,391.81333333333333
2026-07-12 13:45:00-07:00,395.8666666655555
2026-07-12 14:00:00-07:00,374.73333333333335
2026-07-12 14:15:00-07:00,369.7866666666667
2026-07-12 14:30:00-07:00,392.8399999999999
2026-07-12 14:45:00-07:00,381.77333333222214
2026-07-12 15:00:00-07:00,362.8799999999998
2026-07-12 15:15:00-07:00,367.63999999999993
2026-07-12 15:30:00-07:00,433.05333333111116
2026-07-12 15:45:00-07:00,430.3599999999999
2026-07-12 16:00:00-07:00,477.30666666666656
2026-07-12 16:15:00-07:00,503.9466666655555
2026-07-12 16:30:00-07:00,505.7733333333332
2026-07-12 16:45:00-07:00,531.9466666655555
2026-07-12 17:00:00-07:00,571.2933333333334
2026-07-12 17:15:00-07:00,593.3199999999998
2026-07-12 17:30:00-07:00,540.2133333333333
2026-07-12 17:45:00-07:00,547.2133333333333
2026-07-12 18:00:00-07:00,513.8933333333332
2026-07-12 18:15:00-07:00,472.3599999999999
2026-07-12 18:30:00-07:00,447.0666666666666
2026-07-12 18:45:00-07:00,439.54666666555545
2026-07-12 19:00:00-07:00,403.97333333
2026-07-12 19:15:00-07:00,349.34666666666664
2026-07-12 19:30:00-07:00,329.93333333333334
2026-07-12 19:45:00-07:00,307.72
2026-07-12 20:00:00-07:00,279.5333333333333
2026-07-12 20:15:00-07:00,266.97333333222224
2026-07-12 20:30:00-07:00,240.8
2026-07-12 20:45:00-07:00,192.64
2026-07-12 21:00:00-07:00,162.4
2026-07-12 21:15:00-07:00,155.40000000000003
2026-07-12 21:30:00-07:00,133.46666666666667
2026-07-12 21:45:00-07:00,111.44
2026-07-12 22:00:00-07:00,101.39999999888889
2026-07-12 22:15:00-07:00,105.93333333333335
2026-07-12 22:30:00-07:00,114.33333333333334
2026-07-12 22:45:00-07:00,100.80000000000001
2026-07-12 23:00:00-07:00,85.06666666555554
2026-07-12 23:15:00-07:00,80.53333333111112
2026-07-12 23:30:00-07:00,90.53333333333335
2026-07-12 23:45:00-07:00,103.6
2026-07-13 00:00:00-07:00,120.4
2026-07-13 00:15:00-07:00,120.77333333333334
2026-07-13 00:30:00-07:00,109.10666666666668
2026-07-13 00:45:00-07:00,113.01333333111113
2026-07-13 01:00:00-07:00,109.66666666666669
2026-07-13 01:15:00-07:00,122.17333333333335
2026-07-13 01:30:00-07:00,118.53333333333335
2026-07-13 01:45:00-07:00,104.57333333222223
2026-07-13 02:00:00-07:00,87.26666666666668
2026-07-13 02:15:00-07:00,88.14666666555556
2026-07-13 02:30:00-07:00,85.49333333333334
2026-07-13 02:45:00-07:00,86.42666666666666
2026-07-13 03:00:00-07:00,82.6
2026-07-13 03:15:00-07:00,67.19999999999999
2026-07-13 03:30:00-07:00,51.8
2026-07-13 03:45:00-07:00,38.82666666666667
2026-07-13 04:00:00-07:00,38.266666666666666
2026-07-13 04:15:00-07:00,33.413333333333334
2026-07-13 04:30:00-07:00,39.666666666666664
2026-07-13 04:45:00-07:00,52.36000000000001
2026-07-13 05:00:00-07:00,90.81333333333335
2026-07-13 05:15:00-07:00,158.66666666666666
2026-07-13 05:30:00-07:00,238.3733333333333
2026-07-13 05:45:00-07:00,336.0
2026-07-13 06:00:00-07:00,466.94666666666666
2026-07-13 06:15:00-07:00,583.7999999999997
2026-07-13 06:30:00-07:00,697.8533333333334
2026-07-13 06:45:00-07:00,704.1066666666666
2026-07-13 07:00:00-07:00,717.9199999999997
2026-07-13 07:15:00-07:00,721.9333333333333
2026-07-13 07:30:00-07:00,717.4533333333329
2026-07-13 07:45:00-07:00,718.6666666666666
2026-07-13 08:00:00-07:00,698.0399999999998
2026-07-13 08:15:00-07:00,715.68
2026-07-13 08:30:00-07:00,709.9866666666667
2026-07-13 08:45:00-07:00,731.6399999999998
2026-07-13 09:00:00-07:00,733.5999999999997
2026-07-13 09:15:00-07:00,726.7333333322221
2026-07-13 09:30:00-07:00,725.7066666655551
2026-07-13 09:45:00-07:00,670.7199999966665
2026-07-13 10:00:00-07:00,592.48
2026-07-13 10:15:00-07:00,501.5733333333333
2026-07-13 10:30:00-07:00,419.93333332999987
2026-07-13 10:45:00-07:00,435.0266666666667
2026-07-13 11:00:00-07:00,428.67999999999995
2026-07-13 11:15:00-07:00,396.9466666666666
2026-07-13 11:30:00-07:00,360.5466666666667
2026-07-13 11:45:00-07:00,323.0266666666666
2026-07-13 12:00:00-07:00,329.0
2026-07-13 12:15:00-07:00,342.47999999888896
2026-07-13 12:30:00-07:00,329.69333333222215
2026-07-13 12:45:00-07:00,305.19999999999993
2026-07-13 13:00:00-07:00,312.38666666666666
2026-07-13 13:15:00-07:00,359.52000000000004
2026-07-13 13:30:00-07:00,383.45333333222226
2026-07-13 13:45:00-07:00,388.91999999999996
2026-07-13 14:00:00-07:00,381.2666666666666
2026-07-13 14:15:00-07:00,382.38666666666666
2026-07-13 14:30:00-07:00,372.2533333322222
2026-07-13 14:45:00-07:00,374.26666666666665
2026-07-13 15:00:00-07:00,369.3066666644444
2026-07-13 15:15:00-07:00,334.1333333333332
2026-07-13 15:30:00-07:00,325.7733333322222
2026-07-13 15:45:00-07:00,374.26666666666665
2026-07-13 16:00:00-07:00,419.2533333333334
2026-07-13 16:15:00-07:00,451.39999999888875
2026-07-13 16:30:00-07:00,559.4399999999998
2026-07-13 16:45:00-07:00,603.7733333333332
2026-07-13 17:00:00-07:00,628.3199999999997
2026-07-13 17:15:00-07:00,643.9999999999999
2026-07-13 17:30:00-07:00,625.8399999988889
2026-07-13 17:45:00-07:00,589.8666666666664
2026-07-13 18:00:00-07:00,558.3599999988887
2026-07-13 18:15:00-07:00,520.3333333333331
2026-07-13 18:30:00-07:00,431.3733333311111
2026-07-13 18:45:00-07:00,361.76
2026-07-13 19:00:00-07:00,335.72
2026-07-13 19:15:00-07:00,301.1333333322222
2026-07-13 19:30:00-07:00,285.78666666666663
2026-07-13 19:45:00-07:00,298.66666666666663
2026-07-13 20:00:00-07:00,286.9866666644445
2026-07-13 20:15:00-07:00,261.3333333333333
2026-07-13 20:30:00-07:00,237.19999999888887
2026-07-13 20:45:00-07:00,231.93333333333337
2026-07-13 21:00:00-07:00,230.53333333333333
2026-07-13 21:15:00-07:00,227.26666666666665
2026-07-13 21:30:00-07:00,212.8
2026-07-13 21:45:00-07:00,173.26666666555556
2026-07-13 22:00:00-07:00,139.06666666666666
2026-07-13 22:15:00-07:00,126.0
2026-07-13 22:30:00-07:00,126.46666666666667
2026-07-13 22:45:00-07:00,119.84
2026-07-13 23:00:00-07:00,112.93333333333335
2026-07-13 23:15:00-07:00,110.26666666555555
2026-07-13 23:30:00-07:00,110.13333333333333
2026-07-13 23:45:00-07:00,107.93333333222223
2026-07-14 00:00:00-07:00,124.13333333333333
2026-07-14 00:15:00-07:00,129.26666666666668
2026-07-14 00:30:00-07:00,127.4
2026-07-14 00:45:00-07:00,125.01333333222223
2026-07-14 01:00:00-07:00,116.2
2026-07-14 01:15:00-07:00,99.86666666666666
2026-07-14 01:30:00-07:00,91.46666666666667
2026-07-14 01:45:00-07:00,92.4
2026-07-14 02:00:00-07:00,81.2
2026-07-14 02:15:00-07:00,79.33333333333333
2026-07-14 02:30:00-07:00,74.2
2026-07-14 02:45:00-07:00,80.26666666666667
2026-07-14 03:00:00-07:00,80.58666666555555
2026-07-14 03:15:00-07:00,83.06666666666668
2026-07-14 03:30:00-07:00,71.99999999888888
2026-07-14 03:45:00-07:00,66.26666666666667
2026-07-14 04:00:00-07:00,61.599999999999994
2026-07-14 04:15:00-07:00,61.95999999777778
2026-07-14 04:30:00-07:00,58.8
2026-07-14 04:45:00-07:00,63.46666666666666
2026-07-14 05:00:00-07:00,106.77333333333335
2026-07-14 05:15:00-07:00,166.59999999999997
2026-07-14 05:30:00-07:00,220.54666666666668
2026-07-14 05:45:00-07:00,288.0266666666666
2026-07-14 06:00:00-07:00,403.2000000000001
2026-07-14 06:15:00-07:00,461.6266666666666
2026-07-14 06:30:00-07:00,541.2799999988887
2026-07-14 06:45:00-07:00,620.0133333333334
2026-07-14 07:00:00-07:00,701.2133333333335
2026-07-14 07:15:00-07:00,708.3999999999999
2026-07-14 07:30:00-07:00,714.7466666666666
2026-07-14 07:45:00-07:00,718.0133333333334
2026-07-14 08:00:00-07:00,698.2266666666665
2026-07-14 08:15:00-07:00,732.013333333333
2026-07-14 08:30:00-07:00,752.2666666666663
2026-07-14 08:45:00-07:00,754.9733333333332
2026-07-14 09:00:00-07:00,758.8000000000001
2026-07-14 09:15:00-07:00,747.0666666633333
2026-07-14 09:30:00-07:00,742.2799999999999
2026-07-14 09:45:00-07:00,750.0266666666664
2026-07-14 10:00:00-07:00,715.7733333333332
2026-07-14 10:15:00-07:00,651.5066666655554
2026-07-14 10:30:00-07:00,599.1999999999999
2026-07-14 10:45:00-07:00,551.9199999988887
2026-07-14 11:00:00-07:00,474.26666666555536
2026-07-14 11:15:00-07:00,452.1333333299999
2026-07-14 11:30:00-07:00,421.5866666666667
2026-07-14 11:45:00-07:00,393.19999999777775
2026-07-14 12:00:00-07:00,354.46666666444435
2026-07-14 12:15:00-07:00,373.24
2026-07-14 12:30:00-07:00,370.199999998889
2026-07-14 12:45:00-07:00,365.02666666666664
2026-07-14 13:00:00-07:00,362.1333333333333
2026-07-14 13:15:00-07:00,326.8399999977777
2026-07-14 13:30:00-07:00,331.9866666666666
2026-07-14 13:45:00-07:00,364.6533333333333
2026-07-14 14:00:00-07:00,369.5999999999999
2026-07-14 14:15:00-07:00,355.079999998889
2026-07-14 14:30:00-07:00,362.1333333333334
2026-07-14 14:45:00-07:00,378.9333333333333
2026-07-14 15:00:00-07:00,389.20000000000005
2026-07-14 15:15:00-07:00,445.57333333333327
2026-07-14 15:30:00-07:00,512.8133333322221
2026-07-14 15:45:00-07:00,532.6533333333332
2026-07-14 16:00:00-07:00,584.2133333322223
2026-07-14 16:15:00-07:00,602.4666666666665
2026-07-14 16:30:00-07:00,652.2133333333333
2026-07-14 16:45:00-07:00,677.133333333333
2026-07-14 17:00:00-07:00,698.3199999999999
2026-07-14 17:15:00-07:00,692.4399999999998
2026-07-14 17:30:00-07:00,634.7599999999998
2026-07-14 17:45:00-07:00,615.6266666666668
2026-07-14 18:00:00-07:00,576.6133333333332
2026-07-14 18:15:00-07:00,542.2666666666665
2026-07-14 18:30:00-07:00,504.6533333333333
2026-07-14 18:45:00-07:00,483.9733333322221
2026-07-14 19:00:00-07:00,470.3466666655556
2026-07-14 19:15:00-07:00,431.2933333333333
2026-07-14 19:30:00-07:00,413.13333333222215
2026-07-14 19:45:00-07:00,387.1866666655555
2026-07-14 20:00:00-07:00,386.3066666666667
2026-07-14 20:15:00-07:00,372.3999999999999
2026-07-14 20:30:00-07:00,341.73333333222223
2026-07-14 20:45:00-07:00,294.6933333322222
2026-07-14 21:00:00-07:00,242.20000000000002
2026-07-14 21:15:00-07:00,219.65333333222225
2026-07-14 21:30:00-07:00,203.46666666666664
2026-07-14 21:45:00-07:00,206.21333333222222
2026-07-14 22:00:00-07:00,173.26666666555553
2026-07-14 22:15:00-07:00,168.0
2026-07-14 22:30:00-07:00,160.53333333333333
2026-07-14 22:45:00-07:00,141.86666666666667
2026-07-14 23:00:00-07:00,140.46666666666667
2026-07-14 23:15:00-07:00,143.86666666555556
2026-07-14 23:30:00-07:00,120.4
2026-07-14 23:45:00-07:00,84.0
2026-07-15 00:00:00-07:00,64.99999999888888
2026-07-15 00:15:00-07:00,60.57333333333333
2026-07-15 00:30:00-07:00,66.26666666666667
2026-07-15 00:45:00-07:00,84.93333333333332
2026-07-15 01:00:00-07:00,72.09333333222222
2026-07-15 01:15:00-07:00,80.2666666666667
2026-07-15 01:30:00-07:00,96.6
2026-07-15 01:45:00-07:00,109.2
2026-07-15 02:00:00-07:00,116.66666666666667
2026-07-15 02:15:00-07:00,117.69333333333333
2026-07-15 02:30:00-07:00,98.0
2026-07-15 02:45:00-07:00,77.46666666666667
2026-07-15 03:00:00-07:00,71.86666666666667
2026-07-15 03:15:00-07:00,52.733333333333334
2026-07-15 03:30:00-07:00,35.413333332222216
2026-07-15 03:45:00-07:00,35.46666666666667
2026-07-15 04:00:00-07:00,49.46666666666667
2026-07-15 04:15:00-07:00,74.5199999988889
2026-07-15 04:30:00-07:00,90.06666666666666
2026-07-15 04:45:00-07:00,120.86666666666667
2026-07-15 05:00:00-07:00,181.53333333333333
2026-07-15 05:15:00-07:00,232.96
2026-07-15 05:30:00-07:00,282.79999999999995
2026-07-15 05:45:00-07:00,393.0266666666666
2026-07-15 06:00:00-07:00,452.94666666666643
2026-07-15 06:15:00-07:00,510.53333333333313
2026-07-15 06:30:00-07:00,619.2666666666665
2026-07-15 06:45:00-07:00,704.2933333333332
2026-07-15 07:00:00-07:00,720.0666666666666
2026-07-15 07:15:00-07:00,721.9733333322221
2026-07-15 07:30:00-07:00,726.5999999999998
2026-07-15 07:45:00-07:00,706.5333333333335
2026-07-15 08:00:00-07:00,739.3866666666665
2026-07-15 08:15:00-07:00,731.3066666655552
2026-07-15 08:30:00-07:00,747.4533333322222
2026-07-15 08:45:00-07:00,753.0133333333333
2026-07-15 09:00:00-07:00,761.1333333333331
2026-07-15 09:15:00-07:00,750.533333332222
2026-07-15 09:30:00-07:00,741.3333333311109
2026-07-15 09:45:00-07:00,700.5599999999998
2026-07-15 10:00:00-07:00,636.0666666666666
2026-07-15 10:15:00-07:00,614.2266666666665
2026-07-15 10:30:00-07:00,553.2666666644444
2026-07-15 10:45:00-07:00,493.8266666666666
2026-07-15 11:00:00-07:00,477.4799999977778
2026-07-15 11:15:00-07:00,453.2666666655555
2026-07-15 11:30:00-07:00,431.5733333333333
2026-07-15 11:45:00-07:00,410.14666666555553
2026-07-15 12:00:00-07:00,393.61333332999993
2026-07-15 12:15:00-07:00,374.21333333222225
2026-07-15 12:30:00-07:00,323.96
2026-07-15 12:45:00-07:00,315.00000000000006
2026-07-15 13:00:00-07:00,283.17333333333335
2026-07-15 13:15:00-07:00,290.82666666666677
2026-07-15 13:30:00-07:00,304.0799999999999
2026-07-15 13:45:00-07:00,319.20000000000005
2026-07-15 14:00:00-07:00,318.91999999999996
2026-07-15 14:15:00-07:00,311.91999999999996
2026-07-15 14:30:00-07:00,299.2666666655556
2026-07-15 14:45:00-07:00,302.4
2026-07-15 15:00:00-07:00,345.9333333322223
2026-07-15 15:15:00-07:00,388.2666666666666
2026-07-15 15:30:00-07:00,425.32
2026-07-15 15:45:00-07:00,433.06666666666666
2026-07-15 16:00:00-07:00,460.9733333333332
2026-07-15 16:15:00-07:00,493.26666666666654
2026-07-15 16:30:00-07:00,572.9733333333332
2026-07-15 16:45:00-07:00,629.0666666666666
2026-07-15 17:00:00-07:00,638.9599999999996
2026-07-15 17:15:00-07:00,609.0933333333332
2026-07-15 17:30:00-07:00,593.0799999988886
2026-07-15 17:45:00-07:00,603.0666666655554
2026-07-15 18:00:00-07:00,585.893333332222
2026-07-15 18:15:00-07:00,544.2666666655555
2026-07-15 18:30:00-07:00,478.33333333333337
2026-07-15 18:45:00-07:00,448.9333333333333
2026-07-15 19:00:00-07:00,420.69333333222215
2026-07-15 19:15:00-07:00,420.2266666655555
2026-07-15 19:30:00-07:00,377.14666666444447
2026-07-15 19:45:00-07:00,350.4666666666667
2026-07-15 20:00:00-07:00,338.7066666666667
2026-07-15 20:15:00-07:00,333.33333333222225
2026-07-15 20:30:00-07:00,314.6266666666666
2026-07-15 20:45:00-07:00,266.1333333322222
2026-07-15 21:00:00-07:00,245.93333333333337
2026-07-15 21:15:00-07:00,208.9199999988889
2026-07-15 21:30:00-07:00,194.6399999988889
2026-07-15 21:45:00-07:00,162.8666666666667
2026-07-15 22:00:00-07:00,154.46666666666667
2026-07-15 22:15:00-07:00,137.66666666666666
2026-07-15 22:30:00-07:00,113.06666666555556
2026-07-15 22:45:00-07:00,98.13333333222222
2026-07-15 23:00:00-07:00,68.13333333333333
2026-07-15 23:15:00-07:00,59.86666666555555
2026-07-15 23:30:00-07:00,53.2
2026-07-15 23:45:00-07:00,48.53333333333333
2026-07-16 00:00:00-07:00,45.82666666666666
2026-07-16 00:15:00-07:00,50.58666666666666
2026-07-16 00:30:00-07:00,54.599999999999994
2026-07-16 00:45:00-07:00,68.6
2026-07-16 01:00:00-07:00,80.26666666666665
2026-07-16 01:15:00-07:00,85.4
2026-07-16 01:30:00-07:00,82.6
2026-07-16 01:45:00-07:00,79.80000000000001
2026-07-16 02:00:00-07:00,77.0
2026-07-16 02:15:00-07:00,63.82666666444444
2026-07-16 02:30:00-07:00,57.21333333333333
2026-07-16 02:45:00-07:00,49.93333333333334
2026-07-16 03:00:00-07:00,50.4
2026-07-16 03:15:00-07:00,48.53333333333333
2026-07-16 03:30:00-07:00,54.599999999999994
2026-07-16 03:45:00-07:00,59.26666666666666
2026-07-16 04:00:00-07:00,73.26666666666667
2026-07-16 04:15:00-07:00,84.93333333333334
2026-07-16 04:30:00-07:00,97.72000000000001
2026-07-16 04:45:00-07:00,99.9999999988889
2026-07-16 05:00:00-07:00,131.13333333333335
2026-07-16 05:15:00-07:00,194.8266666655556
2026-07-16 05:30:00-07:00,291.66666666666663
2026-07-16 05:45:00-07:00,369.69333333333327
2026-07-16 06:00:00-07:00,476.55999999999983
2026-07-16 06:15:00-07:00,594.1599999999999
2026-07-16 06:30:00-07:00,672.1333333322223
2026-07-16 06:45:00-07:00,693.9333333333333
2026-07-16 07:00:00-07:00,691.9733333333331
2026-07-16 07:15:00-07:00,708.8666666666664
2026-07-16 07:30:00-07:00,712.9733333333332
2026-07-16 07:45:00-07:00,719.8799999999999
2026-07-16 08:00:00-07:00,714.9333333333333
2026-07-16 08:15:00-07:00,704.2933333333332
2026-07-16 08:30:00-07:00,710.2666666666665
2026-07-16 08:45:00-07:00,725.4266666655553
2026-07-16 09:00:00-07:00,720.6666666655555
2026-07-16 09:15:00-07:00,728.0
2026-07-16 09:30:00-07:00,727.573333332222
2026-07-16 09:45:00-07:00,722.4
2026-07-16 10:00:00-07:00,659.3066666666666
2026-07-16 10:15:00-07:00,566.0133333322221
2026-07-16 10:30:00-07:00,498.57333333111103
2026-07-16 10:45:00-07:00,491.5333333322221
2026-07-16 11:00:00-07:00,493.92
2026-07-16 11:15:00-07:00,426.9466666655554
2026-07-16 11:30:00-07:00,352.0533333333332
2026-07-16 11:45:00-07:00,288.0266666666667
2026-07-16 12:00:00-07:00,276.73333333333335
2026-07-16 12:15:00-07:00,317.46666666555564
2026-07-16 12:30:00-07:00,323.5333333322222
2026-07-16 12:45:00-07:00,321.19999999888887
2026-07-16 13:00:00-07:00,344.4
2026-07-16 13:15:00-07:00,358.67999999999995
2026-07-16 13:30:00-07:00,373.7999999999999
2026-07-16 13:45:00-07:00,405.99999999999983
2026-07-16 14:00:00-07:00,436.7999999999999
2026-07-16 14:15:00-07:00,428.86666666666656
2026-07-16 14:30:00-07:00,419.4799999988889
2026-07-16 14:45:00-07:00,422.61333333333323
2026-07-16 15:00:00-07:00,442.4399999988889
2026-07-16 15:15:00-07:00,450.83999999888886
2026-07-16 15:30:00-07:00,459.5733333333332
2026-07-16 15:45:00-07:00,476.83999999999986
2026-07-16 16:00:00-07:00,495.7866666666666
2026-07-16 16:15:00-07:00,507.86666666555544
2026-07-16 16:30:00-07:00,551.7866666666665
2026-07-16 16:45:00-07:00,619.7333333333335
2026-07-16 17:00:00-07:00,608.5333333333334
2026-07-16 17:15:00-07:00,611.4266666666665
2026-07-16 17:30:00-07:00,623.9333333333333
2026-07-16 17:45:00-07:00,609.5599999999998
2026-07-16 18:00:00-07:00,549.0799999999999
2026-07-16 18:15:00-07:00,511.8399999999998
2026-07-16 18:30:00-07:00,466.75999999999993
2026-07-16 18:45:00-07:00,425.32
2026-07-16 19:00:00-07:00,408.9333333322222
2026-07-16 19:15:00-07:00,383.97333333333336
2026-07-16 19:30:00-07:00,358.9599999999999
2026-07-16 19:45:00-07:00,350.31999999888876
2026-07-16 20:00:00-07:00,372.86666666666656
2026-07-16 20:15:00-07:00,367.95999999888886
2026-07-16 20:30:00-07:00,325.39999999888886
2026-07-16 20:45:00-07:00,288.53333333222224
2026-07-16 21:00:00-07:00,261.5999999977778
2026-07-16 21:15:00-07:00,240.93333333222225
2026-07-16 21:30:00-07:00,232.5333333322222
2026-07-16 21:45:00-07:00,227.08
2026-07-16 22:00:00-07:00,205.79999999999998
2026-07-16 22:15:00-07:00,181.53333333333336
2026-07-16 22:30:00-07:00,171.26666666666665
2026-07-16 22:45:00-07:00,148.4
2026-07-16 23:00:00-07:00,123.66666666666667
2026-07-16 23:15:00-07:00,114.8
2026-07-16 23:30:00-07:00,98.13333333222224
2026-07-16 23:45:00-07:00,100.05333333333334
2026-07-17 00:00:00-07:00,105.93333333333334
2026-07-17 00:15:00-07:00,114.52000000000001
2026-07-17 00:30:00-07:00,116.7999999988889
2026-07-17 00:45:00-07:00,127.86666666666667
2026-07-17 01:00:00-07:00,143.45333333333335
2026-07-17 01:15:00-07:00,136.77333333222225
2026-07-17 01:30:00-07:00,129.26666666666668
2026-07-17 01:45:00-07:00,114.14666666666669
2026-07-17 02:00:00-07:00,110.13333333333334
2026-07-17 02:15:00-07:00,129.07999999999998
2026-07-17 02:30:00-07:00,125.19999999888888
2026-07-17 02:45:00-07:00,121.8
2026-07-17 03:00:00-07:00,110.41333333333333
2026-07-17 03:15:00-07:00,117.22666666666667
2026-07-17 03:30:00-07:00,125.53333333333333
2026-07-17 03:45:00-07:00,116.7999999988889
2026-07-17 04:00:00-07:00,105.46666666666667
2026-07-17 04:15:00-07:00,96.26666666555555
2026-07-17 04:30:00-07:00,110.60000000000001
2026-07-17 04:45:00-07:00,108.64
2026-07-17 05:00:00-07:00,123.20000000000002
2026-07-17 05:15:00-07:00,162.77333333333334
2026-07-17 05:30:00-07:00,245.1866666666667
2026-07-17 05:45:00-07:00,340.5733333333334
2026-07-17 06:00:00-07:00,437.49333333222205
2026-07-17 06:15:00-07:00,533.8666666666667
2026-07-17 06:30:00-07:00,641.6666666666669
2026-07-17 06:45:00-07:00,724.2666666666667
2026-07-17 07:00:00-07:00,728.4666666666665
2026-07-17 07:15:00-07:00,722.9600000000002
2026-07-17 07:30:00-07:00,732.1999999999999
2026-07-17 07:45:00-07:00,725.8533333333331
2026-07-17 08:00:00-07:00,720.8133333333329
2026-07-17 08:15:00-07:00,724.4533333333329
2026-07-17 08:30:00-07:00,742.5066666655554
2026-07-17 08:45:00-07:00,757.8666666666663
2026-07-17 09:00:00-07:00,756.8666666633331
2026-07-17 09:15:00-07:00,750.6666666644445
2026-07-17 09:30:00-07:00,734.0133333322223
2026-07-17 09:45:00-07:00,738.4533333333333
2026-07-17 10:00:00-07:00,711.4799999999999
2026-07-17 10:15:00-07:00,661.6799999988885
2026-07-17 10:30:00-07:00,589.4933333333331
2026-07-17 10:45:00-07:00,522.293333333333
2026-07-17 11:00:00-07:00,547.0666666655553
2026-07-17 11:15:00-07:00,534.8000000000001
2026-07-17 11:30:00-07:00,503.66666666555557
2026-07-17 11:45:00-07:00,444.99999999777776
2026-07-17 12:00:00-07:00,420.5599999999999
2026-07-17 12:15:00-07:00,382.9333333311111
2026-07-17 12:30:00-07:00,352.5999999977777
2026-07-17 12:45:00-07:00,344.53333333222224
2026-07-17 13:00:00-07:00,327.73333333222223
2026-07-17 13:15:00-07:00,322.22666666555557
2026-07-17 13:30:00-07:00,312.19999999999993
2026-07-17 13:45:00-07:00,322.46666666666664
2026-07-17 14:00:00-07:00,297.11999999888894
2026-07-17 14:15:00-07:00,284.6666666666667
2026-07-17 14:30:00-07:00,259.9733333322222
2026-07-17 14:45:00-07:00,255.26666666666668
2026-07-17 15:00:00-07:00,263.57333333333327
2026-07-17 15:15:00-07:00,313.41333333333336
2026-07-17 15:30:00-07:00,325.2666666666666
2026-07-17 15:45:00-07:00,349.2533333333332
2026-07-17 16:00:00-07:00,407.90666666555563
2026-07-17 16:15:00-07:00,463.7733333333333
2026-07-17 16:30:00-07:00,517.0666666666667
2026-07-17 16:45:00-07:00,550.7999999988889
2026-07-17 17:00:00-07:00,559.6266666666668
2026-07-17 17:15:00-07:00,538.4799999988888
2026-07-17 17:30:00-07:00,562.6133333333331
2026-07-17 17:45:00-07:00,562.1866666655554
2026-07-17 18:00:00-07:00,548.8000000000001
2026-07-17 18:15:00-07:00,509.4133333333332
2026-07-17 18:30:00-07:00,485.93333333222216
2026-07-17 18:45:00-07:00,445.79999999888895
2026-07-17 19:00:00-07:00,439.69333333333327
2026-07-17 19:15:00-07:00,447.0666666666666
2026-07-17 19:30:00-07:00,432.31999999999994
2026-07-17 19:45:00-07:00,427.2799999999999
2026-07-17 20:00:00-07:00,378.9333333333332
2026-07-17 20:15:00-07:00,377.8133333333333
2026-07-17 20:30:00-07:00,354.3333333322222
2026-07-17 20:45:00-07:00,333.20000000000005
2026-07-17 21:00:00-07:00,289.17333333000005
2026-07-17 21:15:00-07:00,245.4666666666667
2026-07-17 21:30:00-07:00,224.46666666666667
2026-07-17 21:45:00-07:00,210.74666666666664
2026-07-17 22:00:00-07:00,197.19999999777778
2026-07-17 22:15:00-07:00,180.13333333333333
2026-07-17 22:30:00-07:00,164.26666666666665
2026-07-17 22:45:00-07:00,156.8
2026-07-17 23:00:00-07:00,183.66666666444442
2026-07-17 23:15:00-07:00,173.86666666444444
2026-07-17 23:30:00-07:00,152.60000000000002
2026-07-17 23:45:00-07:00,140.59999999888888
2026-07-18 00:00:00-07:00,145.13333333333333
2026-07-18 00:15:00-07:00,148.96
2026-07-18 00:30:00-07:00,149.33333333333331
2026-07-18 00:45:00-07:00,148.06666666555557
2026-07-18 01:00:00-07:00,126.93333333333334
2026-07-18 01:15:00-07:00,127.77333333333334
2026-07-18 01:30:00-07:00,141.86666666666667
2026-07-18 01:45:00-07:00,140.58666666333335
2026-07-18 02:00:00-07:00,134.40000000000003
2026-07-18 02:15:00-07:00,137.57333333333332
2026-07-18 02:30:00-07:00,134.4
2026-07-18 02:45:00-07:00,129.73333333333335
2026-07-18 03:00:00-07:00,134.86666666666667
2026-07-18 03:15:00-07:00,124.69333333333333
2026-07-18 03:30:00-07:00,116.66666666666666
2026-07-18 03:45:00-07:00,100.33333333333334
2026-07-18 04:00:00-07:00,84.13333333222222
2026-07-18 04:15:00-07:00,82.60000000000001
2026-07-18 04:30:00-07:00,82.60000000000001
2026-07-18 04:45:00-07:00,78.49333333333334
2026-07-18 05:00:00-07:00,101.26666666666667
2026-07-18 05:15:00-07:00,171.36000000000004
2026-07-18 05:30:00-07:00,253.77333333333334
2026-07-18 05:45:00-07:00,320.59999999999997
2026-07-18 06:00:00-07:00,397.1333333333334
2026-07-18 06:15:00-07:00,502.6000000000001
2026-07-18 06:30:00-07:00,595.56
2026-07-18 06:45:00-07:00,701.8666666666666
2026-07-18 07:00:00-07:00,706.5333333333333
2026-07-18 07:15:00-07:00,710.5466666666664
2026-07-18 07:30:00-07:00,717.6399999999998
2026-07-18 07:45:00-07:00,735.6533333333332
2026-07-18 08:00:00-07:00,742.9333333333332
2026-07-18 08:15:00-07:00,718.8533333333332
2026-07-18 08:30:00-07:00,738.2666666666665
2026-07-18 08:45:00-07:00,754.8799999999999
2026-07-18 09:00:00-07:00,757.3466666655555
2026-07-18 09:15:00-07:00,730.6133333333332
2026-07-18 09:30:00-07:00,732.0533333322219
2026-07-18 09:45:00-07:00,746.9866666655553
2026-07-18 10:00:00-07:00,729.2933333311108
2026-07-18 10:15:00-07:00,693.0799999977776
2026-07-18 10:30:00-07:00,631.0266666666664
2026-07-18 10:45:00-07:00,577.1733333333332
2026-07-18 11:00:00-07:00,566.5199999977779
2026-07-18 11:15:00-07:00,553.8266666644444
2026-07-18 11:30:00-07:00,512.6666666644444
2026-07-18 11:45:00-07:00,467.8799999999998
2026-07-18 12:00:00-07:00,446.1333333333333
2026-07-18 12:15:00-07:00,400.6666666644444
2026-07-18 12:30:00-07:00,386.3466666655555
2026-07-18 12:45:00-07:00,365.5866666666666
2026-07-18 13:00:00-07:00,359.7466666655555
2026-07-18 13:15:00-07:00,344.9466666644444
2026-07-18 13:30:00-07:00,306.59999999999997
2026-07-18 13:45:00-07:00,282.3333333333334
2026-07-18 14:00:00-07:00,305.8933333322222
2026-07-18 14:15:00-07:00,342.25333333333333
2026-07-18 14:30:00-07:00,383.07999999888875
2026-07-18 14:45:00-07:00,435.0266666666666
2026-07-18 15:00:00-07:00,454.1599999999999
2026-07-18 15:15:00-07:00,499.6133333333333
2026-07-18 15:30:00-07:00,551.1333333333332
2026-07-18 15:45:00-07:00,560.4666666666666
2026-07-18 16:00:00-07:00,608.2933333322225
2026-07-18 16:15:00-07:00,656.5066666666665
2026-07-18 16:30:00-07:00,731.36
2026-07-18 16:45:00-07:00,717.4533333333333
2026-07-18 17:00:00-07:00,711.3866666666663
2026-07-18 17:15:00-07:00,714.9333333333333
2026-07-18 17:30:00-07:00,681.7999999999998
2026-07-18 17:45:00-07:00,675.3999999988887
2026-07-18 18:00:00-07:00,585.2799999977777
2026-07-18 18:15:00-07:00,514.9066666644444
2026-07-18 18:30:00-07:00,412.2933333322222
2026-07-18 18:45:00-07:00,398.90666666666664
2026-07-18 19:00:00-07:00,394.23999999999995
2026-07-18 19:15:00-07:00,351.8666666666666
2026-07-18 19:30:00-07:00,348.6000000000001
2026-07-18 19:45:00-07:00,338.3999999955555
2026-07-18 20:00:00-07:00,304.9999999977778
2026-07-18 20:15:00-07:00,270.33333333222225
2026-07-18 20:30:00-07:00,256.8399999977778
2026-07-18 20:45:00-07:00,216.81333333333336
2026-07-18 21:00:00-07:00,189.59999999888888
2026-07-18 21:15:00-07:00,156.46666666555555
2026-07-18 21:30:00-07:00,131.60000000000002
2026-07-18 21:45:00-07:00,105.46666666666667
2026-07-18 22:00:00-07:00,92.86666666666667
2026-07-18 22:15:00-07:00,99.53333333222224
2026-07-18 22:30:00-07:00,86.98666666666666
2026-07-18 22:45:00-07:00,80.3999999988889
2026-07-18 23:00:00-07:00,77.35999999777779
2026-07-18 23:15:00-07:00,89.13333333333334
2026-07-18 23:30:00-07:00,91.93333333333335
2026-07-18 23:45:00-07:00,93.33333333333334
2026-07-19 00:00:00-07:00,89.13333333333334
2026-07-19 00:15:00-07:00,84.0
2026-07-19 00:30:00-07:00,88.10666666666667
2026-07-19 00:45:00-07:00,94.73333333333333
2026-07-19 01:00:00-07:00,97.99999999999999
2026-07-19 01:15:00-07:00,78.86666666666667
2026-07-19 01:30:00-07:00,79.27999999888888
2026-07-19 01:45:00-07:00,81.2
2026-07-19 02:00:00-07:00,80.86666666555556
2026-07-19 02:15:00-07:00,72.33333333333334
2026-07-19 02:30:00-07:00,68.60000000000001
2026-07-19 02:45:00-07:00,63.46666666666667
2026-07-19 03:00:00-07:00,62.066666666666656
2026-07-19 03:15:00-07:00,75.13333333333333
2026-07-19 03:30:00-07:00,77.46666666666667
2026-07-19 03:45:00-07:00,74.66666666666667
2026-07-19 04:00:00-07:00,78.77333333333334
2026-07-19 04:15:00-07:00,94.73333333333333
2026-07-19 04:30:00-07:00,126.93333333333334
2026-07-19 04:45:00-07:00,167.06666666666666
2026-07-19 05:00:00-07:00,222.13333333333333
2026-07-19 05:15:00-07:00,247.33333333333334
2026-07-19 05:30:00-07:00,293.8133333333334
2026-07-19 05:45:00-07:00,349.5333333333333
2026-07-19 06:00:00-07:00,426.1600000000001
2026-07-19 06:15:00-07:00,459.20000000000005
2026-07-19 06:30:00-07:00,505.71999999888874
2026-07-19 06:45:00-07:00,572.3199999999997
2026-07-19 07:00:00-07:00,633.5466666666665
2026-07-19 07:15:00-07:00,690.1999999999998
2026-07-19 07:30:00-07:00,697.2
2026-07-19 07:45:00-07:00,708.4
2026-07-19 08:00:00-07:00,708.9999999988888
2026-07-19 08:15:00-07:00,710.7333333333332
2026-07-19 08:30:00-07:00,689.7333333333333
2026-07-19 08:45:00-07:00,691.0266666644442
2026-07-19 09:00:00-07:00,659.68
2026-07-19 09:15:00-07:00,631.773333333333
2026-07-19 09:30:00-07:00,663.0399999999998
2026-07-19 09:45:00-07:00,668.8666666655554
2026-07-19 10:00:00-07:00,635.1333333333334
2026-07-19 10:15:00-07:00,622.5333333333332
2026-07-19 10:30:00-07:00,592.6666666666665
2026-07-19 10:45:00-07:00,528.2666666666667
2026-07-19 11:00:00-07:00,478.97333333111106
2026-07-19 11:15:00-07:00,417.4266666655555
2026-07-19 11:30:00-07:00,354.6133333322222
2026-07-19 11:45:00-07:00,318.64
2026-07-19 12:00:00-07:00,300.99999999999994
2026-07-19 12:15:00-07:00,281.33333333
2026-07-19 12:30:00-07:00,290.9599999988888
2026-07-19 12:45:00-07:00,319.01333333333326
2026-07-19 13:00:00-07:00,336.28
2026-07-19 13:15:00-07:00,348.4133333333333
2026-07-19 13:30:00-07:00,354.79999999888884
2026-07-19 13:45:00-07:00,354.8533333333333
2026-07-19 14:00:00-07:00,393.49333333333334
2026-07-19 14:15:00-07:00,400.8666666666666
2026-07-19 14:30:00-07:00,400.62666666555555
2026-07-19 14:45:00-07:00,400.7733333333332
2026-07-19 15:00:00-07:00,455.1333333322222
2026-07-19 15:15:00-07:00,502.41333333333324
2026-07-19 15:30:00-07:00,539.3199999988888
2026-07-19 15:45:00-07:00,563.6399999999999
2026-07-19 16:00:00-07:00,541.7066666666665
2026-07-19 16:15:00-07:00,550.7999999988889
2026-07-19 16:30:00-07:00,559.3333333311111
2026-07-19 16:45:00-07:00,570.4533333333333
2026-07-19 17:00:00-07:00,570.9199999999998
2026-07-19 17:15:00-07:00,543.4266666655554
2026-07-19 17:30:00-07:00,536.4799999999998
2026-07-19 17:45:00-07:00,555.4266666666667
2026-07-19 18:00:00-07:00,560.2799999999999
2026-07-19 18:15:00-07:00,527.4666666655555
2026-07-19 18:30:00-07:00,500.21333333222213
2026-07-19 18:45:00-07:00,468.3866666655555
2026-07-19 19:00:00-07:00,424.3333333322222
2026-07-19 19:15:00-07:00,389.14666666555553
2026-07-19 19:30:00-07:00,343.9199999977778
2026-07-19 19:45:00-07:00,281.4
2026-07-19 20:00:00-07:00,267.8533333311111
2026-07-19 20:15:00-07:00,292.26666666555553
2026-07-19 20:30:00-07:00,274.06666666555554
2026-07-19 20:45:00-07:00,243.5066666666667
2026-07-19 21:00:00-07:00,213.73333333333335
2026-07-19 21:15:00-07:00,223.53333333333333
2026-07-19 21:30:00-07:00,213.99999999777776
2026-07-19 21:45:00-07:00,205.61333333333334
2026-07-19 22:00:00-07:00,189.5999999988889
2026-07-19 22:15:00-07:00,139.0666666666667
2026-07-19 22:30:00-07:00,125.90666666666668
2026-07-19 22:45:00-07:00,118.53333333333335
2026-07-19 23:00:00-07:00,117.22666666666669
2026-07-19 23:15:00-07:00,97.29333333222223
2026-07-19 23:30:00-07:00,89.41333333333334
2026-07-19 23:45:00-07:00,95.38666666666666
2026-07-20 00:00:00-07:00,101.73333333333333
2026-07-20 00:15:00-07:00,105.78666666555554
2026-07-20 00:30:00-07:00,99.02666666666667
2026-07-20 00:45:00-07:00,107.61333333333334
2026-07-20 01:00:00-07:00,108.17333333333335
2026-07-20 01:15:00-07:00,106.77333333333334
2026-07-20 01:30:00-07:00,113.39999999999999
2026-07-20 01:45:00-07:00,105.59999999888889
2026-07-20 02:00:00-07:00,85.86666666666667
2026-07-20 02:15:00-07:00,81.2
2026-07-20 02:30:00-07:00,84.46666666666667
2026-07-20 02:45:00-07:00,86.05333333333333
2026-07-20 03:00:00-07:00,68.73333333222223
2026-07-20 03:15:00-07:00,71.86666666666667
2026-07-20 03:30:00-07:00,70.46666666666667
2026-07-20 03:45:00-07:00,64.86666666666666
2026-07-20 04:00:00-07:00,71.39999999999999
2026-07-20 04:15:00-07:00,72.8
2026-07-20 04:30:00-07:00,70.46666666666667
2026-07-20 04:45:00-07:00,73.26666666666667
2026-07-20 05:00:00-07:00,128.33333333333334
2026-07-20 05:15:00-07:00,215.32
2026-07-20 05:30:00-07:00,301.46666666666664
2026-07-20 05:45:00-07:00,370.72
2026-07-20 06:00:00-07:00,456.77333333333337
2026-07-20 06:15:00-07:00,543.2933333333333
2026-07-20 06:30:00-07:00,633.0799999999999
2026-07-20 06:45:00-07:00,708.4399999988887
2026-07-20 07:00:00-07:00,728.4666666666665
2026-07-20 07:15:00-07:00,728.5066666655554
2026-07-20 07:30:00-07:00,730.333333333333
2026-07-20 07:45:00-07:00,746.9466666666665
2026-07-20 08:00:00-07:00,744.7999999999998
2026-07-20 08:15:00-07:00,732.1466666655555
2026-07-20 08:30:00-07:00,757.3999999999997
2026-07-20 08:45:00-07:00,777.2266666655553
2026-07-20 09:00:00-07:00,775.3199999999998
2026-07-20 09:15:00-07:00,767.1066666666666
2026-07-20 09:30:00-07:00,776.0666666666666
2026-07-20 09:45:00-07:00,779.5999999977777
2026-07-20 10:00:00-07:00,723.5599999988888
2026-07-20 10:15:00-07:00,676.0933333311109
2026-07-20 10:30:00-07:00,604.653333332222
2026-07-20 10:45:00-07:00,554.1599999988887
2026-07-20 11:00:00-07:00,510.05333333111105
2026-07-20 11:15:00-07:00,472.39999999888875
2026-07-20 11:30:00-07:00,405.9466666655555
2026-07-20 11:45:00-07:00,347.9333333311111
2026-07-20 12:00:00-07:00,347.8399999977778
2026-07-20 12:15:00-07:00,352.5599999988888
2026-07-20 12:30:00-07:00,360.26666666666665
2026-07-20 12:45:00-07:00,329.0399999988889
2026-07-20 13:00:00-07:00,315.03999999888896
2026-07-20 13:15:00-07:00,300.71999999999986
2026-07-20 13:30:00-07:00,319.4266666655555
2026-07-20 13:45:00-07:00,310.4666666655556
2026-07-20 14:00:00-07:00,277.76
2026-07-20 14:15:00-07:00,287.93333333333334
2026-07-20 14:30:00-07:00,306.78666666666675
2026-07-20 14:45:00-07:00,308.0
2026-07-20 15:00:00-07:00,302.8666666666666
2026-07-20 15:15:00-07:00,309.4
2026-07-20 15:30:00-07:00,308.9333333333332
2026-07-20 15:45:00-07:00,350.9333333333333
2026-07-20 16:00:00-07:00,365.12000000000006
2026-07-20 16:15:00-07:00,384.9066666666667
2026-07-20 16:30:00-07:00,447.3466666666667
2026-07-20 16:45:00-07:00,530.0400000000001
2026-07-20 17:00:00-07:00,583.8
2026-07-20 17:15:00-07:00,603.8666666666666
2026-07-20 17:30:00-07:00,603.3999999999999
2026-07-20 17:45:00-07:00,596.8666666666667
2026-07-20 18:00:00-07:00,579.4133333333334
2026-07-20 18:15:00-07:00,576.8933333333331
2026-07-20 18:30:00-07:00,499.6133333333333
2026-07-20 18:45:00-07:00,429.8933333333334
2026-07-20 19:00:00-07:00,362.7733333311111
2026-07-20 19:15:00-07:00,320.2666666655555
2026-07-20 19:30:00-07:00,335.0666666666666
2026-07-20 19:45:00-07:00,307.0666666666667
2026-07-20 20:00:00-07:00,295.40000000000003
2026-07-20 20:15:00-07:00,253.53333333222224
2026-07-20 20:30:00-07:00,216.14666666444444
2026-07-20 20:45:00-07:00,184.8
2026-07-20 21:00:00-07:00,199.7333333333333
2026-07-20 21:15:00-07:00,196.65333333333334
2026-07-20 21:30:00-07:00,162.4
2026-07-20 21:45:00-07:00,158.20000000000002
2026-07-20 22:00:00-07:00,164.26666666666665
2026-07-20 22:15:00-07:00,177.79999999999995
2026-07-20 22:30:00-07:00,186.57333333333335
2026-07-20 22:45:00-07:00,177.8
2026-07-20 23:00:00-07:00,152.3599999988889
2026-07-20 23:15:00-07:00,144.20000000000002
2026-07-20 23:30:00-07:00,137.20000000000002
2026-07-20 23:45:00-07:00,136.86666666555556
2026-07-21 00:00:00-07:00,139.06666666666666
2026-07-21 00:15:00-07:00,120.86666666666667
2026-07-21 00:30:00-07:00,118.99999999999999
2026-07-21 00:45:00-07:00,126.46666666666667
2026-07-21 01:00:00-07:00,123.2
2026-07-21 01:15:00-07:00,118.66666666555555
2026-07-21 01:30:00-07:00,103.73333333222223
2026-07-21 01:45:00-07:00,86.33333333333333
2026-07-21 02:00:00-07:00,63.93333333333334
2026-07-21 02:15:00-07:00,70.46666666666667
2026-07-21 02:30:00-07:00,68.97333333333333
2026-07-21 02:45:00-07:00,65.8
2026-07-21 03:00:00-07:00,75.07999999888888
2026-07-21 03:15:00-07:00,73.73333333333335
2026-07-21 03:30:00-07:00,78.21333333333334
2026-07-21 03:45:00-07:00,79.80000000000001
2026-07-21 04:00:00-07:00,112.74666666666668
2026-07-21 04:15:00-07:00,121.33333333333334
2026-07-21 04:30:00-07:00,121.89333333333335
2026-07-21 04:45:00-07:00,127.40000000000002
2026-07-21 05:00:00-07:00,153.25333333333336
2026-07-21 05:15:00-07:00,212.33333333333331
2026-07-21 05:30:00-07:00,256.9466666666666
2026-07-21 05:45:00-07:00,310.7466666655555
2026-07-21 06:00:00-07:00,404.04
2026-07-21 06:15:00-07:00,494.47999999999996
2026-07-21 06:30:00-07:00,614.8799999999997
2026-07-21 06:45:00-07:00,707.1866666666667
2026-07-21 07:00:00-07:00,712.5999999999996
2026-07-21 07:15:00-07:00,719.1333333333333
2026-07-21 07:30:00-07:00,726.6399999988888
2026-07-21 07:45:00-07:00,728.373333333333
2026-07-21 08:00:00-07:00,725.4799999999999
2026-07-21 08:15:00-07:00,731.9199999999998
2026-07-21 08:30:00-07:00,697.1066666666662
2026-07-21 08:45:00-07:00,687.9599999999997
2026-07-21 09:00:00-07:00,744.7999999999996
2026-07-21 09:15:00-07:00,757.3999999999997
2026-07-21 09:30:00-07:00,742.733333331111
2026-07-21 09:45:00-07:00,743.5866666666665
2026-07-21 10:00:00-07:00,688.973333331111
2026-07-21 10:15:00-07:00,621.2666666655554
2026-07-21 10:30:00-07:00,574.28
2026-07-21 10:45:00-07:00,518.0399999988888
2026-07-21 11:00:00-07:00,471.8799999977777
2026-07-21 11:15:00-07:00,390.8266666655555
2026-07-21 11:30:00-07:00,358.6666666644445
2026-07-21 11:45:00-07:00,340.01333333333326
2026-07-21 12:00:00-07:00,331.52
2026-07-21 12:15:00-07:00,307.2533333333332
2026-07-21 12:30:00-07:00,294.69333333222215
2026-07-21 12:45:00-07:00,285.87999999999994
2026-07-21 13:00:00-07:00,273.4666666666667
2026-07-21 13:15:00-07:00,292.4133333333333
2026-07-21 13:30:00-07:00,290.7333333333334
2026-07-21 13:45:00-07:00,263.5733333333333
2026-07-21 14:00:00-07:00,243.13333333333335
2026-07-21 14:15:00-07:00,251.47999999888893
2026-07-21 14:30:00-07:00,248.1733333333333
2026-07-21 14:45:00-07:00,235.66666666666669
2026-07-21 15:00:00-07:00,247.79999999999998
2026-07-21 15:15:00-07:00,299.88
2026-07-21 15:30:00-07:00,331.6133333333333
2026-07-21 15:45:00-07:00,380.4266666666667
2026-07-21 16:00:00-07:00,436.3333333333333
2026-07-21 16:15:00-07:00,514.9599999988889
2026-07-21 16:30:00-07:00,604.0533333333331
2026-07-21 16:45:00-07:00,691.0799999988886
2026-07-21 17:00:00-07:00,703.733333333333
2026-07-21 17:15:00-07:00,674.5999999977774
2026-07-21 17:30:00-07:00,680.2133333333333
2026-07-21 17:45:00-07:00,683.6666666666664
2026-07-21 18:00:00-07:00,663.1733333322222
2026-07-21 18:15:00-07:00,603.5866666666664
2026-07-21 18:30:00-07:00,526.68
2026-07-21 18:45:00-07:00,443.0533333333332
2026-07-21 19:00:00-07:00,410.6666666666666
2026-07-21 19:15:00-07:00,398.46666666333317
2026-07-21 19:30:00-07:00,360.63999999999993
2026-07-21 19:45:00-07:00,342.5333333333333
2026-07-21 20:00:00-07:00,294.13333333222226
2026-07-21 20:15:00-07:00,253.96
2026-07-21 20:30:00-07:00,227.73333333333335
2026-07-21 20:45:00-07:00,216.1999999988889
2026-07-21 21:00:00-07:00,203.84
2026-07-21 21:15:00-07:00,180.13333333333335
2026-07-21 21:30:00-07:00,149.33333333333334
2026-07-21 21:45:00-07:00,129.21333333222225
2026-07-21 22:00:00-07:00,130.20000000000002
2026-07-21 22:15:00-07:00,117.22666666666669
2026-07-21 22:30:00-07:00,114.33333333333334
2026-07-21 22:45:00-07:00,119.13333333222222
2026-07-21 23:00:00-07:00,102.57333333333334
2026-07-21 23:15:00-07:00,91.74666666666667
2026-07-21 23:30:00-07:00,87.73333333333333
2026-07-21 23:45:00-07:00,68.78666666666666
2026-07-22 00:00:00-07:00,79.79999999999998
2026-07-22 00:15:00-07:00,107.55999999888888
2026-07-22 00:30:00-07:00,104.53333333333332
2026-07-22 00:45:00-07:00,96.13333333333333
2026-07-22 01:00:00-07:00,90.72
2026-07-22 01:15:00-07:00,97.19999999888888
2026-07-22 01:30:00-07:00,85.81333333222223
2026-07-22 01:45:00-07:00,92.86666666666666
2026-07-22 02:00:00-07:00,93.33333333333334
2026-07-22 02:15:00-07:00,73.30666666555555
2026-07-22 02:30:00-07:00,75.60000000000001
2026-07-22 02:45:00-07:00,77.00000000000001
2026-07-22 03:00:00-07:00,89.60000000000001
2026-07-22 03:15:00-07:00,85.86666666666666
2026-07-22 03:30:00-07:00,102.57333333333334
2026-07-22 03:45:00-07:00,106.4
2026-07-22 04:00:00-07:00,95.66666666666667
2026-07-22 04:15:00-07:00,100.8
2026-07-22 04:30:00-07:00,92.86666666666667
2026-07-22 04:45:00-07:00,90.99999999999999
2026-07-22 05:00:00-07:00,127.4
2026-07-22 05:15:00-07:00,176.81333333222224
2026-07-22 05:30:00-07:00,215.88000000000002
2026-07-22 05:45:00-07:00,262.26666666666665
2026-07-22 06:00:00-07:00,335.0666666666668
2026-07-22 06:15:00-07:00,400.8666666666666
2026-07-22 06:30:00-07:00,502.13333333333327
2026-07-22 06:45:00-07:00,572.7333333322221
2026-07-22 07:00:00-07:00,643.8133333333333
2026-07-22 07:15:00-07:00,711.1999999999999
2026-07-22 07:30:00-07:00,744.0533333333332
2026-07-22 07:45:00-07:00,747.5999999999998
2026-07-22 08:00:00-07:00,747.8799999999999
2026-07-22 08:15:00-07:00,762.0666666666665
2026-07-22 08:30:00-07:00,780.7333333333332
2026-07-22 08:45:00-07:00,783.6666666655555
2026-07-22 09:00:00-07:00,741.2933333322222
2026-07-22 09:15:00-07:00,712.32
2026-07-22 09:30:00-07:00,723.973333331111
2026-07-22 09:45:00-07:00,744.7066666666665
2026-07-22 10:00:00-07:00,728.3199999988888
2026-07-22 10:15:00-07:00,656.8666666644443
2026-07-22 10:30:00-07:00,573.6533333299999
2026-07-22 10:45:00-07:00,551.7866666666665
2026-07-22 11:00:00-07:00,522.2399999988887
2026-07-22 11:15:00-07:00,446.1333333333332
2026-07-22 11:30:00-07:00,370.98666666444444
2026-07-22 11:45:00-07:00,309.6266666655556
2026-07-22 12:00:00-07:00,268.22666666444445
2026-07-22 12:15:00-07:00,285.86666666444444
2026-07-22 12:30:00-07:00,306.5466666655556
2026-07-22 12:45:00-07:00,316.21333333333337
2026-07-22 13:00:00-07:00,302.12
2026-07-22 13:15:00-07:00,298.66666666666663
2026-07-22 13:30:00-07:00,296.93333333222216
2026-07-22 13:45:00-07:00,316.4
2026-07-22 14:00:00-07:00,352.8
2026-07-22 14:15:00-07:00,315.8799999988888
2026-07-22 14:30:00-07:00,301.56
2026-07-22 14:45:00-07:00,315.3733333333334
2026-07-22 15:00:00-07:00,399.6533333333335
2026-07-22 15:15:00-07:00,484.68000000000006
2026-07-22 15:30:00-07:00,518.9333333333334
2026-07-22 15:45:00-07:00,573.0666666666666
2026-07-22 16:00:00-07:00,600.4533333322221
2026-07-22 16:15:00-07:00,635.4133333333332
2026-07-22 16:30:00-07:00,680.0266666666664
2026-07-22 16:45:00-07:00,689.64
2026-07-22 17:00:00-07:00,662.0133333333333
2026-07-22 17:15:00-07:00,629.7199999999999
2026-07-22 17:30:00-07:00,625.1333333311109
2026-07-22 17:45:00-07:00,590.7999999999998
2026-07-22 18:00:00-07:00,572.4133333333333
2026-07-22 18:15:00-07:00,551.3200000000002
2026-07-22 18:30:00-07:00,496.85333333222223
2026-07-22 18:45:00-07:00,453.4133333333333
2026-07-22 19:00:00-07:00,393.39999999999986
2026-07-22 19:15:00-07:00,362.26666666555553
2026-07-22 19:30:00-07:00,300.5333333333333
2026-07-22 19:45:00-07:00,252.46666666666667
2026-07-22 20:00:00-07:00,220.26666666666668
2026-07-22 20:15:00-07:00,204.38666666444448
2026-07-22 20:30:00-07:00,186.42666666555556
2026-07-22 20:45:00-07:00,154.37333333333336
2026-07-22 21:00:00-07:00,168.1333333322222
2026-07-22 21:15:00-07:00,142.98666666666668
2026-07-22 21:30:00-07:00,161.0
2026-07-22 21:45:00-07:00,148.86666666666667
2026-07-22 22:00:00-07:00,139.53333333333333
2026-07-22 22:15:00-07:00,125.53333333333335
2026-07-22 22:30:00-07:00,104.06666666666666
2026-07-22 22:45:00-07:00,100.80000000000001
2026-07-22 23:00:00-07:00,84.0
2026-07-22 23:15:00-07:00,75.41333333333333
2026-07-22 23:30:00-07:00,63.93333333333334
2026-07-22 23:45:00-07:00,65.8
2026-07-23 00:00:00-07:00,50.99999999888889
2026-07-23 00:15:00-07:00,51.8
2026-07-23 00:30:00-07:00,79.8
2026-07-23 00:45:00-07:00,91.46666666666668
2026-07-23 01:00:00-07:00,89.86666666444447
2026-07-23 01:15:00-07:00,105.00000000000001
2026-07-23 01:30:00-07:00,123.19999999999999
2026-07-23 01:45:00-07:00,133.9333333333333
2026-07-23 02:00:00-07:00,147.46666666666664
2026-07-23 02:15:00-07:00,146.06666666666666
2026-07-23 02:30:00-07:00,120.39999999999999
2026-07-23 02:45:00-07:00,119.46666666666667
2026-07-23 03:00:00-07:00,130.66666666666666
2026-07-23 03:15:00-07:00,129.26666666666668
2026-07-23 03:30:00-07:00,121.33333333333334
2026-07-23 03:45:00-07:00,119.46666666666667
2026-07-23 04:00:00-07:00,107.18666666555555
2026-07-23 04:15:00-07:00,138.13333333333333
2026-07-23 04:30:00-07:00,149.33333333333334
2026-07-23 04:45:00-07:00,159.2266666666667
2026-07-23 05:00:00-07:00,177.74666666555555
2026-07-23 05:15:00-07:00,226.52
2026-07-23 05:30:00-07:00,289.80000000000007
2026-07-23 05:45:00-07:00,326.9466666666666
2026-07-23 06:00:00-07:00,406.8399999999999
2026-07-23 06:15:00-07:00,493.82666666666665
2026-07-23 06:30:00-07:00,568.773333333333
2026-07-23 06:45:00-07:00,651.2799999999997
2026-07-23 07:00:00-07:00,741.9999999999997
2026-07-23 07:15:00-07:00,758.6133333333332
2026-07-23 07:30:00-07:00,757.2133333333333
2026-07-23 07:45:00-07:00,760.9866666655554
2026-07-23 08:00:00-07:00,749.5599999999998
2026-07-23 08:15:00-07:00,756.0399999988887
2026-07-23 08:30:00-07:00,754.7866666666664
2026-07-23 08:45:00-07:00,763.9733333322221
2026-07-23 09:00:00-07:00,697.4266666655553
2026-07-23 09:15:00-07:00,739.1999999999997
2026-07-23 09:30:00-07:00,752.2666666666668
2026-07-23 09:45:00-07:00,756.9333333333332
2026-07-23 10:00:00-07:00,721.6933333322221
2026-07-23 10:15:00-07:00,614.7599999955554
2026-07-23 10:30:00-07:00,574.7733333300001
2026-07-23 10:45:00-07:00,536.2399999988887
2026-07-23 11:00:00-07:00,532.7466666666666
2026-07-23 11:15:00-07:00,460.9733333333333
2026-07-23 11:30:00-07:00,438.9866666655555
2026-07-23 11:45:00-07:00,415.4666666655555
2026-07-23 12:00:00-07:00,431.2399999988888
2026-07-23 12:15:00-07:00,435.7733333333332
2026-07-23 12:30:00-07:00,412.53333333333325
2026-07-23 12:45:00-07:00,363.90666666666664
2026-07-23 13:00:00-07:00,333.38666666666666
2026-07-23 13:15:00-07:00,314.1599999999999
2026-07-23 13:30:00-07:00,296.8
2026-07-23 13:45:00-07:00,281.0666666655556
2026-07-23 14:00:00-07:00,272.3866666655555
2026-07-23 14:15:00-07:00,281.40000000000003
2026-07-23 14:30:00-07:00,294.7866666655555
2026-07-23 14:45:00-07:00,331.5199999999999
2026-07-23 15:00:00-07:00,349.94666666555554
2026-07-23 15:15:00-07:00,381.6399999999999
2026-07-23 15:30:00-07:00,400.66666666444445
2026-07-23 15:45:00-07:00,417.3866666666667
2026-07-23 16:00:00-07:00,429.33333333333326
2026-07-23 16:15:00-07:00,439.6
2026-07-23 16:30:00-07:00,421.2133333333332
2026-07-23 16:45:00-07:00,455.1866666666667
2026-07-23 17:00:00-07:00,477.58666666666664
2026-07-23 17:15:00-07:00,477.4933333333334
2026-07-23 17:30:00-07:00,483.5599999999999
2026-07-23 17:45:00-07:00,488.2266666666666
2026-07-23 18:00:00-07:00,501.19999999999993
2026-07-23 18:15:00-07:00,465.1733333333333
2026-07-23 18:30:00-07:00,454.7199999999999
2026-07-23 18:45:00-07:00,409.26666666666654
2026-07-23 19:00:00-07:00,371.7466666666666
2026-07-23 19:15:00-07:00,348.6
2026-07-23 19:30:00-07:00,307.6266666666667
2026-07-23 19:45:00-07:00,264.45333333222226
2026-07-23 20:00:00-07:00,216.66666666555554
2026-07-23 20:15:00-07:00,193.70666666555556
2026-07-23 20:30:00-07:00,209.06666666666666
2026-07-23 20:45:00-07:00,214.66666666666666
2026-07-23 21:00:00-07:00,207.83999999777777
2026-07-23 21:15:00-07:00,222.13333333333333
2026-07-23 21:30:00-07:00,218.81333333222224
2026-07-23 21:45:00-07:00,225.4
2026-07-23 22:00:00-07:00,222.26666666555556
2026-07-23 22:15:00-07:00,214.85333333333335
2026-07-23 22:30:00-07:00,171.99999999777782
2026-07-23 22:45:00-07:00,163.79999999999998
2026-07-23 23:00:00-07:00,156.89333333333335
2026-07-23 23:15:00-07:00,130.29333333333332
2026-07-23 23:30:00-07:00,115.1199999988889
2026-07-23 23:45:00-07:00,92.86666666666667
2026-07-24 00:00:00-07:00,88.20000000000002
2026-07-24 00:15:00-07:00,100.13333333111112
2026-07-24 00:30:00-07:00,99.99999999888888
2026-07-24 00:45:00-07:00,83.99999999999999
2026-07-24 01:00:00-07:00,85.34666666555556
2026-07-24 01:15:00-07:00,89.97333333333334
2026-07-24 01:30:00-07:00,110.22666666666667
2026-07-24 01:45:00-07:00,115.73333333333335
2026-07-24 02:00:00-07:00,110.22666666666667
2026-07-24 02:15:00-07:00,84.93333333333334
2026-07-24 02:30:00-07:00,80.26666666666668
2026-07-24 02:45:00-07:00,77.0
2026-07-24 03:00:00-07:00,88.2
2026-07-24 03:15:00-07:00,81.98666666555556
2026-07-24 03:30:00-07:00,69.44
2026-07-24 03:45:00-07:00,77.46666666666665
2026-07-24 04:00:00-07:00,87.36
2026-07-24 04:15:00-07:00,109.33333333222224
2026-07-24 04:30:00-07:00,126.00000000000001
2026-07-24 04:45:00-07:00,161.4666666666667
2026-07-24 05:00:00-07:00,205.8399999988889
2026-07-24 05:15:00-07:00,302.7733333333333
2026-07-24 05:30:00-07:00,380.24000000000007
2026-07-24 05:45:00-07:00,419.7199999999999
2026-07-24 06:00:00-07:00,502.97333333333324
2026-07-24 06:15:00-07:00,595.56
2026-07-24 06:30:00-07:00,681.3333333333333
2026-07-24 06:45:00-07:00,714.0
2026-07-24 07:00:00-07:00,720.2533333333331
2026-07-24 07:15:00-07:00,742.0
2026-07-24 07:30:00-07:00,761.9733333333331
2026-07-24 07:45:00-07:00,769.1466666644444
2026-07-24 08:00:00-07:00,750.0266666666666
2026-07-24 08:15:00-07:00,736.8666666666664
2026-07-24 08:30:00-07:00,736.4
2026-07-24 08:45:00-07:00,768.5999999999998
2026-07-24 09:00:00-07:00,777.973333332222
2026-07-24 09:15:00-07:00,754.1333333333331
2026-07-24 09:30:00-07:00,749.2666666644444
2026-07-24 09:45:00-07:00,775.6
2026-07-24 10:00:00-07:00,757.4399999988888
2026-07-24 10:15:00-07:00,712.6399999988886
2026-07-24 10:30:00-07:00,665.3999999966665
2026-07-24 10:45:00-07:00,597.7333333299997
2026-07-24 11:00:00-07:00,556.4933333322222
2026-07-24 11:15:00-07:00,503.10666666555545
2026-07-24 11:30:00-07:00,438.33333333222214
2026-07-24 11:45:00-07:00,376.73333333222223
2026-07-24 12:00:00-07:00,346.7733333322222
2026-07-24 12:15:00-07:00,340.23999999888883
2026-07-24 12:30:00-07:00,333.6133333322223
2026-07-24 12:45:00-07:00,327.1333333333333
2026-07-24 13:00:00-07:00,310.1866666655556
2026-07-24 13:15:00-07:00,275.93333333222216
2026-07-24 13:30:00-07:00,273.7866666655556
2026-07-24 13:45:00-07:00,294.09333333333336
2026-07-24 14:00:00-07:00,333.7999999988889
2026-07-24 14:15:00-07:00,351.02666666666664
2026-07-24 14:30:00-07:00,341.1333333333332
2026-07-24 14:45:00-07:00,328.99999999999994
2026-07-24 15:00:00-07:00,358.11999999999995
2026-07-24 15:15:00-07:00,388.82666666666665
2026-07-24 15:30:00-07:00,437.82666666666665
2026-07-24 15:45:00-07:00,461.71999999999986
2026-07-24 16:00:00-07:00,487.6666666666665
2026-07-24 16:15:00-07:00,498.06666666555543
2026-07-24 16:30:00-07:00,548.2400000000001
2026-07-24 16:45:00-07:00,660.9866666666666
2026-07-24 17:00:00-07:00,687.8666666666666
2026-07-24 17:15:00-07:00,705.1333333333331
2026-07-24 17:30:00-07:00,649.1199999977777
2026-07-24 17:45:00-07:00,630.8399999999999
2026-07-24 18:00:00-07:00,585.6666666666665
2026-07-24 18:15:00-07:00,527.24
2026-07-24 18:30:00-07:00,472.8266666666666
2026-07-24 18:45:00-07:00,389.61333333222217
2026-07-24 19:00:00-07:00,341.6933333333333
2026-07-24 19:15:00-07:00,309.7733333333333
2026-07-24 19:30:00-07:00,291.1066666666667
2026-07-24 19:45:00-07:00,246.96000000000004
2026-07-24 20:00:00-07:00,232.06666666555554
2026-07-24 20:15:00-07:00,215.3599999988889
2026-07-24 20:30:00-07:00,195.9066666666667
2026-07-24 20:45:00-07:00,171.73333333333335
2026-07-24 21:00:00-07:00,153.72000000000003
2026-07-24 21:15:00-07:00,155.4
2026-07-24 21:30:00-07:00,166.6
2026-07-24 21:45:00-07:00,166.7866666666667
2026-07-24 22:00:00-07:00,147.00000000000003
2026-07-24 22:15:00-07:00,140.03999999888893
2026-07-24 22:30:00-07:00,128.89333333333335
2026-07-24 22:45:00-07:00,122.73333333333335
2026-07-24 23:00:00-07:00,112.65333333333335
2026-07-24 23:15:00-07:00,89.6
2026-07-24 23:30:00-07:00,61.22666666666666
2026-07-24 23:45:00-07:00,54.07999999888889
2026-07-25 00:00:00-07:00,56.46666666666666
2026-07-25 00:15:00-07:00,66.82666666666667
2026-07-25 00:30:00-07:00,60.199999999999996
2026-07-25 00:45:00-07:00,65.8
2026-07-25 01:00:00-07:00,78.68
2026-07-25 01:15:00-07:00,77.46666666666665
2026-07-25 01:30:00-07:00,97.53333333333335
2026-07-25 01:45:00-07:00,104.81333333333333
2026-07-25 02:00:00-07:00,114.80000000000001
2026-07-25 02:15:00-07:00,104.57333333222223
2026-07-25 02:30:00-07:00,103.60000000000001
2026-07-25 02:45:00-07:00,93.80000000000001
2026-07-25 03:00:00-07:00,77.65333333333334
2026-07-25 03:15:00-07:00,80.73333333333335
2026-07-25 03:30:00-07:00,80.73333333333332
2026-07-25 03:45:00-07:00,81.66666666666667
2026-07-25 04:00:00-07:00,85.62666666555556
2026-07-25 04:15:00-07:00,96.6
2026-07-25 04:30:00-07:00,114.89333333333333
2026-07-25 04:45:00-07:00,130.10666666666668
2026-07-25 05:00:00-07:00,196.00000000000006
2026-07-25 05:15:00-07:00,271.04
2026-07-25 05:30:00-07:00,316.8666666666667
2026-07-25 05:45:00-07:00,339.45333333333326
2026-07-25 06:00:00-07:00,415.8
2026-07-25 06:15:00-07:00,498.4
2026-07-25 06:30:00-07:00,592.48
2026-07-25 06:45:00-07:00,669.0133333333332
2026-07-25 07:00:00-07:00,709.8933333333333
2026-07-25 07:15:00-07:00,748.2533333333332
2026-07-25 07:30:00-07:00,753.7999999988889
2026-07-25 07:45:00-07:00,755.4399999999999
2026-07-25 08:00:00-07:00,762.0666666666664
2026-07-25 08:15:00-07:00,778.8666666666666
2026-07-25 08:30:00-07:00,776.5333333333335
2026-07-25 08:45:00-07:00,781.7066666655553
2026-07-25 09:00:00-07:00,753.6666666666664
2026-07-25 09:15:00-07:00,759.1733333333333
2026-07-25 09:30:00-07:00,782.5866666644445
2026-07-25 09:45:00-07:00,785.8133333322222
2026-07-25 10:00:00-07:00,745.6666666633332
2026-07-25 10:15:00-07:00,692.6666666655553
2026-07-25 10:30:00-07:00,642.3599999988887
2026-07-25 10:45:00-07:00,576.1333333311111
2026-07-25 11:00:00-07:00,547.4399999988888
2026-07-25 11:15:00-07:00,452.19999999999993
2026-07-25 11:30:00-07:00,352.9199999966666
2026-07-25 11:45:00-07:00,319.0533333322223
2026-07-25 12:00:00-07:00,293.1999999988889
2026-07-25 12:15:00-07:00,252.84
2026-07-25 12:30:00-07:00,244.0666666666667
2026-07-25 12:45:00-07:00,251.10666666555562
2026-07-25 13:00:00-07:00,237.53333333333336
2026-07-25 13:15:00-07:00,241.10666666333339
2026-07-25 13:30:00-07:00,282.6133333333334
2026-07-25 13:45:00-07:00,300.34666666666664
2026-07-25 14:00:00-07:00,318.73333333333335
2026-07-25 14:15:00-07:00,330.49333333333334
2026-07-25 14:30:00-07:00,346.36
2026-07-25 14:45:00-07:00,368.0133333333334
2026-07-25 15:00:00-07:00,393.5866666666666
2026-07-25 15:15:00-07:00,446.22666666666663
2026-07-25 15:30:00-07:00,487.6666666666666
2026-07-25 15:45:00-07:00,532.4666666666666
2026-07-25 16:00:00-07:00,604.6533333322221
2026-07-25 16:15:00-07:00,705.3199999999999
2026-07-25 16:30:00-07:00,708.8666666666664
2026-07-25 16:45:00-07:00,703.6399999999999
2026-07-25 17:00:00-07:00,697.7999999988887
2026-07-25 17:15:00-07:00,705.5999999999997
2026-07-25 17:30:00-07:00,674.1466666666666
2026-07-25 17:45:00-07:00,648.6666666666664
2026-07-25 18:00:00-07:00,575.3999999999999
2026-07-25 18:15:00-07:00,486.07999999999987
2026-07-25 18:30:00-07:00,481.0399999999999
2026-07-25 18:45:00-07:00,446.87999999999994
2026-07-25 19:00:00-07:00,416.7333333333333
2026-07-25 19:15:00-07:00,361.93333333111116
2026-07-25 19:30:00-07:00,303.18666666555555
2026-07-25 19:45:00-07:00,285.11999999777777
2026-07-25 20:00:00-07:00,260.06666666555554
2026-07-25 20:15:00-07:00,230.1999999988889
2026-07-25 20:30:00-07:00,194.73333333222223
2026-07-25 20:45:00-07:00,183.06666666555557
2026-07-25 21:00:00-07:00,180.13333333333335
2026-07-25 21:15:00-07:00,167.25333333333333
2026-07-25 21:30:00-07:00,161.93333333333334
2026-07-25 21:45:00-07:00,159.60000000000002
2026-07-25 22:00:00-07:00,158.48000000000002
2026-07-25 22:15:00-07:00,153.53333333333333
2026-07-25 22:30:00-07:00,143.26666666666668
2026-07-25 22:45:00-07:00,148.39999999999998
2026-07-25 23:00:00-07:00,144.2
2026-07-25 23:15:00-07:00,126.74666666666667
2026-07-25 23:30:00-07:00,112.97333333222221
2026-07-25 23:45:00-07:00,98.00000000000001
2026-07-26 00:00:00-07:00,85.4
2026-07-26 00:15:00-07:00,76.06666666666666
2026-07-26 00:30:00-07:00,78.34666666555556
2026-07-26 00:45:00-07:00,64.68
2026-07-26 01:00:00-07:00,60.66666666666666
2026-07-26 01:15:00-07:00,55.199999998888885
2026-07-26 01:30:00-07:00,62.99999999999999
2026-07-26 01:45:00-07:00,69.06666666666666
2026-07-26 02:00:00-07:00,70.0
2026-07-26 02:15:00-07:00,72.98666666666666
2026-07-26 02:30:00-07:00,66.92
2026-07-26 02:45:00-07:00,68.32000000000001
2026-07-26 03:00:00-07:00,72.33333333333333
2026-07-26 03:15:00-07:00,76.66666666555557
2026-07-26 03:30:00-07:00,76.53333333333333
2026-07-26 03:45:00-07:00,75.6
2026-07-26 04:00:00-07:00,80.73333333333333
2026-07-26 04:15:00-07:00,75.41333333333333
2026-07-26 04:30:00-07:00,93.33333333333333
2026-07-26 04:45:00-07:00,107.33333333333333
2026-07-26 05:00:00-07:00,138.50666666666672
2026-07-26 05:15:00-07:00,197.81333333222227
2026-07-26 05:30:00-07:00,249.66666666666669
2026-07-26 05:45:00-07:00,294.93333333333317
2026-07-26 06:00:00-07:00,373.3333333333333
2026-07-26 06:15:00-07:00,472.86666666555544
2026-07-26 06:30:00-07:00,555.6133333333331
2026-07-26 06:45:00-07:00,626.733333333333
2026-07-26 07:00:00-07:00,690.4800000000001
2026-07-26 07:15:00-07:00,733.5999999999999
2026-07-26 07:30:00-07:00,741.8533333322221
2026-07-26 07:45:00-07:00,752.0799999999998
2026-07-26 08:00:00-07:00,741.2399999977777
2026-07-26 08:15:00-07:00,747.5999999999997
2026-07-26 08:30:00-07:00,760.0133333333333
2026-07-26 08:45:00-07:00,763.5599999999997
2026-07-26 09:00:00-07:00,751.8399999988889
2026-07-26 09:15:00-07:00,727.8533333322222
2026-07-26 09:30:00-07:00,731.6799999988885
2026-07-26 09:45:00-07:00,761.9066666633332
2026-07-26 10:00:00-07:00,721.8399999999999
2026-07-26 10:15:00-07:00,645.8666666666666
2026-07-26 10:30:00-07:00,598.1733333333332
2026-07-26 10:45:00-07:00,570.666666663333
2026-07-26 11:00:00-07:00,518.2800000000001
2026-07-26 11:15:00-07:00,464.31999999777787
2026-07-26 11:30:00-07:00,429.14666666666665
2026-07-26 11:45:00-07:00,369.35999999888884
2026-07-26 12:00:00-07:00,346.253333331111
2026-07-26 12:15:00-07:00,344.19999999777775
2026-07-26 12:30:00-07:00,319.4666666644445
2026-07-26 12:45:00-07:00,299.88
2026-07-26 13:00:00-07:00,308.84000000000003
2026-07-26 13:15:00-07:00,310.24
2026-07-26 13:30:00-07:00,312.7599999999999
2026-07-26 13:45:00-07:00,338.5199999999999
2026-07-26 14:00:00-07:00,343.84
2026-07-26 14:15:00-07:00,335.3333333311111
2026-07-26 14:30:00-07:00,366.9333333322223
2026-07-26 14:45:00-07:00,394.5599999988888
2026-07-26 15:00:00-07:00,401.05333333333334
2026-07-26 15:15:00-07:00,442.34666666555563
2026-07-26 15:30:00-07:00,481.0399999999999
2026-07-26 15:45:00-07:00,513.3333333333331
2026-07-26 16:00:00-07:00,559.1999999988886
2026-07-26 16:15:00-07:00,616.0933333333334
2026-07-26 16:30:00-07:00,610.9066666655556
2026-07-26 16:45:00-07:00,609.9333333333333
2026-07-26 17:00:00-07:00,633.8266666666664
2026-07-26 17:15:00-07:00,586.1333333333332
2026-07-26 17:30:00-07:00,531.1599999999999
2026-07-26 17:45:00-07:00,494.0133333333332
2026-07-26 18:00:00-07:00,439.9199999988888
2026-07-26 18:15:00-07:00,382.66666666666663
2026-07-26 18:30:00-07:00,352.5199999999999
2026-07-26 18:45:00-07:00,310.4666666655555
2026-07-26 19:00:00-07:00,284.4800000000001
2026-07-26 19:15:00-07:00,296.98666666666674
2026-07-26 19:30:00-07:00,303.9333333322222
2026-07-26 19:45:00-07:00,270.3866666666667
2026-07-26 20:00:00-07:00,249.20000000000002
2026-07-26 20:15:00-07:00,206.45333333333335
2026-07-26 20:30:00-07:00,196.9333333333333
2026-07-26 20:45:00-07:00,183.86666666666667
2026-07-26 21:00:00-07:00,155.86666666666667
2026-07-26 21:15:00-07:00,139.44
2026-07-26 21:30:00-07:00,119.0
2026-07-26 21:45:00-07:00,120.86666666666666
2026-07-26 22:00:00-07:00,119.0
2026-07-26 22:15:00-07:00,128.8
2026-07-26 22:30:00-07:00,110.13333333333333
2026-07-26 22:45:00-07:00,103.73333333222223
2026-07-26 23:00:00-07:00,101.73333333333333
2026-07-26 23:15:00-07:00,91.65333333333335
2026-07-26 23:30:00-07:00,91.46666666666667
2026-07-26 23:45:00-07:00,89.6
2026-07-27 00:00:00-07:00,95.19999999999999
2026-07-27 00:15:00-07:00,95.19999999999999
2026-07-27 00:30:00-07:00,87.91999999999999
2026-07-27 00:45:00-07:00,78.4
2026-07-27 01:00:00-07:00,64.21333333333334
2026-07-27 01:15:00-07:00,61.879999999999995
2026-07-27 01:30:00-07:00,62.66666666555555
2026-07-27 01:45:00-07:00,41.19999999888889
2026-07-27 02:00:00-07:00,41.25333333333333
2026-07-27 02:15:00-07:00,50.39999999999999
2026-07-27 02:30:00-07:00,60.199999999999996
2026-07-27 02:45:00-07:00,61.133333333333326
2026-07-27 03:00:00-07:00,72.98666666666666
2026-07-27 03:15:00-07:00,74.01333333333334
2026-07-27 03:30:00-07:00,64.86666666666667
2026-07-27 03:45:00-07:00,78.4
2026-07-27 04:00:00-07:00,79.61333333333334
2026-07-27 04:15:00-07:00,99.39999999999999
2026-07-27 04:30:00-07:00,111.53333333333333
2026-07-27 04:45:00-07:00,120.40000000000002
2026-07-27 05:00:00-07:00,165.57333333333335
2026-07-27 05:15:00-07:00,223.25333333333333
2026-07-27 05:30:00-07:00,272.06666666666666
2026-07-27 05:45:00-07:00,311.36
2026-07-27 06:00:00-07:00,361.76
2026-07-27 06:15:00-07:00,421.5866666666666
2026-07-27 06:30:00-07:00,507.73333333333323
2026-07-27 06:45:00-07:00,632.3333333333331
2026-07-27 07:00:00-07:00,737.1866666655554
2026-07-27 07:15:00-07:00,748.0666666666666
2026-07-27 07:30:00-07:00,750.4799999977777
2026-07-27 07:45:00-07:00,738.7733333322223
2026-07-27 08:00:00-07:00,736.1199999999999
2026-07-27 08:15:00-07:00,752.7333333333331
2026-07-27 08:30:00-07:00,766.5466666666664
2026-07-27 08:45:00-07:00,779.0399999977775
2026-07-27 09:00:00-07:00,754.0400000000002
2026-07-27 09:15:00-07:00,749.7466666666666
2026-07-27 09:30:00-07:00,782.4133333333334
2026-07-27 09:45:00-07:00,785.6666666644444
2026-07-27 10:00:00-07:00,771.3866666644444
2026-07-27 10:15:00-07:00,724.7199999977776
2026-07-27 10:30:00-07:00,683.5066666633332
2026-07-27 10:45:00-07:00,570.2666666666663
2026-07-27 11:00:00-07:00,499.5599999988888
2026-07-27 11:15:00-07:00,471.9866666666666
2026-07-27 11:30:00-07:00,413.78666666555546
2026-07-27 11:45:00-07:00,407.9066666655556
2026-07-27 12:00:00-07:00,353.7866666599999
2026-07-27 12:15:00-07:00,337.67999999999995
2026-07-27 12:30:00-07:00,310.7466666655556
2026-07-27 12:45:00-07:00,331.6133333333334
2026-07-27 13:00:00-07:00,325.26666666666665
2026-07-27 13:15:00-07:00,320.8666666644444
2026-07-27 13:30:00-07:00,329.9333333333334
2026-07-27 13:45:00-07:00,326.1066666666667
2026-07-27 14:00:00-07:00,355.6
2026-07-27 14:15:00-07:00,361.2399999988888
2026-07-27 14:30:00-07:00,402.67999999888895
2026-07-27 14:45:00-07:00,402.0266666655555
2026-07-27 15:00:00-07:00,400.9599999999998
2026-07-27 15:15:00-07:00,438.7466666644444
2026-07-27 15:30:00-07:00,427.46666666666664
2026-07-27 15:45:00-07:00,432.9199999988889
2026-07-27 16:00:00-07:00,456.25333333222227
2026-07-27 16:15:00-07:00,481.5999999999999
2026-07-27 16:30:00-07:00,465.8266666666667
2026-07-27 16:45:00-07:00,488.97333333333324
2026-07-27 17:00:00-07:00,515.4799999999999
2026-07-27 17:15:00-07:00,486.1733333333333
2026-07-27 17:30:00-07:00,493.26666666666654
2026-07-27 17:45:00-07:00,502.45333333222214
2026-07-27 18:00:00-07:00,459.7999999988888
2026-07-27 18:15:00-07:00,448.9333333333332
2026-07-27 18:30:00-07:00,416.5466666666666
2026-07-27 18:45:00-07:00,374.73333333333323
2026-07-27 19:00:00-07:00,358.4
2026-07-27 19:15:00-07:00,339.82666666666665
2026-07-27 19:30:00-07:00,336.46666666666664
2026-07-27 19:45:00-07:00,321.81333333333333
2026-07-27 20:00:00-07:00,311.0799999999999
2026-07-27 20:15:00-07:00,265.66666666555557
2026-07-27 20:30:00-07:00,251.94666666555557
2026-07-27 20:45:00-07:00,228.42666666555556
2026-07-27 21:00:00-07:00,200.7066666655556
2026-07-27 21:15:00-07:00,193.1866666644445
2026-07-27 21:30:00-07:00,181.8133333333334
2026-07-27 21:45:00-07:00,183.12000000000003
2026-07-27 22:00:00-07:00,186.66666666666669
2026-07-27 22:15:00-07:00,161.7333333311111
2026-07-27 22:30:00-07:00,147.13333333222224
2026-07-27 22:45:00-07:00,143.9599999988889
2026-07-27 23:00:00-07:00,131.69333333333336
2026-07-27 23:15:00-07:00,118.53333333333333
2026-07-27 23:30:00-07:00,96.32
2026-07-27 23:45:00-07:00,76.16000000000001
2026-07-28 00:00:00-07:00,69.53333333333333
2026-07-28 00:15:00-07:00,81.66666666666666
2026-07-28 00:30:00-07:00,84.46666666666665
2026-07-28 00:45:00-07:00,76.06666666666666
2026-07-28 01:00:00-07:00,86.33333333333333
2026-07-28 01:15:00-07:00,91.0
2026-07-28 01:30:00-07:00,95.2
2026-07-28 01:45:00-07:00,104.72
2026-07-28 02:00:00-07:00,104.29333333222222
2026-07-28 02:15:00-07:00,101.26666666666667
2026-07-28 02:30:00-07:00,108.73333333333332
2026-07-28 02:45:00-07:00,128.33333333333334
2026-07-28 03:00:00-07:00,127.4
2026-07-28 03:15:00-07:00,131.60000000000002
2026-07-28 03:30:00-07:00,123.7999999988889
2026-07-28 03:45:00-07:00,110.13333333333334
2026-07-28 04:00:00-07:00,129.26666666666668
2026-07-28 04:15:00-07:00,129.45333333333332
2026-07-28 04:30:00-07:00,138.6
2026-07-28 04:45:00-07:00,133.93333333333337
2026-07-28 05:00:00-07:00,152.60000000000002
2026-07-28 05:15:00-07:00,195.29333333222223
2026-07-28 05:30:00-07:00,266.74666666666667
2026-07-28 05:45:00-07:00,302.9999999988888
2026-07-28 06:00:00-07:00,353.82666666666665
2026-07-28 06:15:00-07:00,429.6133333333333
2026-07-28 06:30:00-07:00,477.95999999999987
2026-07-28 06:45:00-07:00,545.479999998889
2026-07-28 07:00:00-07:00,615.0666666666663
2026-07-28 07:15:00-07:00,691.6
2026-07-28 07:30:00-07:00,703.2666666666665
2026-07-28 07:45:00-07:00,719.1333333333329
2026-07-28 08:00:00-07:00,719.6933333333335
2026-07-28 08:15:00-07:00,743.8666666666664
2026-07-28 08:30:00-07:00,742.933333333333
2026-07-28 08:45:00-07:00,745.2666666666665
2026-07-28 09:00:00-07:00,730.4666666655554
2026-07-28 09:15:00-07:00,724.6399999999996
2026-07-28 09:30:00-07:00,719.1733333322221
2026-07-28 09:45:00-07:00,757.8666666666664
2026-07-28 10:00:00-07:00,739.0133333333333
2026-07-28 10:15:00-07:00,681.4666666655554
2026-07-28 10:30:00-07:00,632.8399999988889
2026-07-28 10:45:00-07:00,590.8399999988887
2026-07-28 11:00:00-07:00,543.3333333322222
2026-07-28 11:15:00-07:00,470.38666666444436
2026-07-28 11:30:00-07:00,432.67999999777766
2026-07-28 11:45:00-07:00,375.83999999777774
2026-07-28 12:00:00-07:00,354.2
2026-07-28 12:15:00-07:00,367.91999999999996
2026-07-28 12:30:00-07:00,391.0666666666666
2026-07-28 12:45:00-07:00,372.77333333333326
2026-07-28 13:00:00-07:00,370.5333333333333
2026-07-28 13:15:00-07:00,359.63999999666663
2026-07-28 13:30:00-07:00,355.78666666666663
2026-07-28 13:45:00-07:00,379.06666666555554
2026-07-28 14:00:00-07:00,372.66666666444445
2026-07-28 14:15:00-07:00,355.95999999777774
2026-07-28 14:30:00-07:00,359.33333333333326
2026-07-28 14:45:00-07:00,385.84
2026-07-28 15:00:00-07:00,419.71999999999997
2026-07-28 15:15:00-07:00,408.7066666666666
2026-07-28 15:30:00-07:00,424.10666666666657
2026-07-28 15:45:00-07:00,403.6666666666665
2026-07-28 16:00:00-07:00,453.7333333322223
2026-07-28 16:15:00-07:00,511.1866666666666
2026-07-28 16:30:00-07:00,572.8800000000001
2026-07-28 16:45:00-07:00,599.9466666666667
2026-07-28 17:00:00-07:00,598.7733333322219
2026-07-28 17:15:00-07:00,615.0666666666665
2026-07-28 17:30:00-07:00,615.2533333333332
2026-07-28 17:45:00-07:00,670.9733333333334
2026-07-28 18:00:00-07:00,647.9999999977776
2026-07-28 18:15:00-07:00,580.5333333333333
2026-07-28 18:30:00-07:00,505.58666666666653
2026-07-28 18:45:00-07:00,471.6533333322222
2026-07-28 19:00:00-07:00,444.0799999999999
2026-07-28 19:15:00-07:00,395.73333333333335
2026-07-28 19:30:00-07:00,359.98666666666674
2026-07-28 19:45:00-07:00,317.0933333322222
2026-07-28 20:00:00-07:00,255.3999999988889
2026-07-28 20:15:00-07:00,224.93333333333337
2026-07-28 20:30:00-07:00,233.5999999977778
2026-07-28 20:45:00-07:00,209.0666666666667
2026-07-28 21:00:00-07:00,190.53333333222224
2026-07-28 21:15:00-07:00,167.61333333111114
2026-07-28 21:30:00-07:00,153.0666666666667
2026-07-28 21:45:00-07:00,158.66666666666669
2026-07-28 22:00:00-07:00,171.73333333333335
2026-07-28 22:15:00-07:00,173.13333333333335
2026-07-28 22:30:00-07:00,158.66666666666666
2026-07-28 22:45:00-07:00,145.13333333333333
2026-07-28 23:00:00-07:00,132.1999999988889
2026-07-28 23:15:00-07:00,120.58666666666667
2026-07-28 23:30:00-07:00,121.70666666666668
2026-07-28 23:45:00-07:00,105.46666666666667
2026-07-29 00:00:00-07:00,74.79999999888888
2026-07-29 00:15:00-07:00,74.2
2026-07-29 00:30:00-07:00,78.86666666666667
2026-07-29 00:45:00-07:00,85.86666666666667
2026-07-29 01:00:00-07:00,90.06666666666666
2026-07-29 01:15:00-07:00,96.13333333333333
2026-07-29 01:30:00-07:00,93.89333333333333
2026-07-29 01:45:00-07:00,99.86666666666666
2026-07-29 02:00:00-07:00,101.73333333333333
2026-07-29 02:15:00-07:00,109.33333333222222
2026-07-29 02:30:00-07:00,127.39999999999999
2026-07-29 02:45:00-07:00,123.66666666666666
2026-07-29 03:00:00-07:00,122.73333333333333
2026-07-29 03:15:00-07:00,119.46666666666667
2026-07-29 03:30:00-07:00,135.33333333333331
2026-07-29 03:45:00-07:00,126.46666666666665
2026-07-29 04:00:00-07:00,129.26666666666668
2026-07-29 04:15:00-07:00,119.46666666666667
2026-07-29 04:30:00-07:00,97.53333333333335
2026-07-29 04:45:00-07:00,108.73333333333335
2026-07-29 05:00:00-07:00,165.4800000000001
2026-07-29 05:15:00-07:00,277.4266666655555
2026-07-29 05:30:00-07:00,331.8
2026-07-29 05:45:00-07:00,394.24
2026-07-29 06:00:00-07:00,472.07999999999976
2026-07-29 06:15:00-07:00,552.0666666666667
2026-07-29 06:30:00-07:00,632.0533333333332
2026-07-29 06:45:00-07:00,717.7333333333333
2026-07-29 07:00:00-07:00,719.5999999999998
2026-07-29 07:15:00-07:00,726.1333333333332
2026-07-29 07:30:00-07:00,737.3333333333334
2026-07-29 07:45:00-07:00,750.3066666666665
2026-07-29 08:00:00-07:00,745.3999999988887
2026-07-29 08:15:00-07:00,733.0399999999997
2026-07-29 08:30:00-07:00,747.1733333322219
2026-07-29 08:45:00-07:00,744.933333332222
2026-07-29 09:00:00-07:00,742.733333331111
2026-07-29 09:15:00-07:00,720.9066666666666
2026-07-29 09:30:00-07:00,775.3200000000003
2026-07-29 09:45:00-07:00,774.519999998889
2026-07-29 10:00:00-07:00,753.1466666655554
2026-07-29 10:15:00-07:00,696.3066666655553
2026-07-29 10:30:00-07:00,632.2399999999998
2026-07-29 10:45:00-07:00,570.5333333311108
2026-07-29 11:00:00-07:00,557.9466666666666
2026-07-29 11:15:00-07:00,516.3999999977776
2026-07-29 11:30:00-07:00,412.5733333322222
2026-07-29 11:45:00-07:00,358.3999999999999
2026-07-29 12:00:00-07:00,321.37333333
2026-07-29 12:15:00-07:00,347.3866666666667
2026-07-29 12:30:00-07:00,334.2133333311111
2026-07-29 12:45:00-07:00,323.53333333222224
2026-07-29 13:00:00-07:00,293.3333333311111
2026-07-29 13:15:00-07:00,287.9333333333333
2026-07-29 13:30:00-07:00,333.2399999988889
2026-07-29 13:45:00-07:00,358.86666666666673
2026-07-29 14:00:00-07:00,354.66666666666663
2026-07-29 14:15:00-07:00,340.98666666555556
2026-07-29 14:30:00-07:00,368.10666666666657
2026-07-29 14:45:00-07:00,376.4133333333332
2026-07-29 15:00:00-07:00,421.34666666555546
2026-07-29 15:15:00-07:00,441.9333333333332
2026-07-29 15:30:00-07:00,460.1333333333333
2026-07-29 15:45:00-07:00,532.3733333333334
2026-07-29 16:00:00-07:00,601.0666666666664
2026-07-29 16:15:00-07:00,657.3466666666667
2026-07-29 16:30:00-07:00,704.4799999999998
2026-07-29 16:45:00-07:00,753.853333333333
2026-07-29 17:00:00-07:00,750.4933333333331
2026-07-29 17:15:00-07:00,731.3066666655554
2026-07-29 17:30:00-07:00,717.5866666655553
2026-07-29 17:45:00-07:00,639.5199999999998
2026-07-29 18:00:00-07:00,575.3999999999997
2026-07-29 18:15:00-07:00,483.03999999888873
2026-07-29 18:30:00-07:00,436.26666666333335
2026-07-29 18:45:00-07:00,376.22666666666663
2026-07-29 19:00:00-07:00,344.5733333311112
2026-07-29 19:15:00-07:00,300.5333333333333
2026-07-29 19:30:00-07:00,258.19999999888887
2026-07-29 19:45:00-07:00,277.2
2026-07-29 20:00:00-07:00,279.46666666333334
2026-07-29 20:15:00-07:00,255.9599999988889
2026-07-29 20:30:00-07:00,232.53333333222224
2026-07-29 20:45:00-07:00,222.78666666666672
2026-07-29 21:00:00-07:00,228.51999999888892
2026-07-29 21:15:00-07:00,231.46666666666667
2026-07-29 21:30:00-07:00,250.69333333333336
2026-07-29 21:45:00-07:00,225.96000000000004
2026-07-29 22:00:00-07:00,213.73333333333338
2026-07-29 22:15:00-07:00,211.8666666666667
2026-07-29 22:30:00-07:00,187.9199999988889
2026-07-29 22:45:00-07:00,176.21333333333337
2026-07-29 23:00:00-07:00,157.26666666666668
2026-07-29 23:15:00-07:00,136.3999999988889
2026-07-29 23:30:00-07:00,91.78666666555554
2026-07-29 23:45:00-07:00,76.10666666555555
2026-07-30 00:00:00-07:00,68.13333333333333
2026-07-30 00:15:00-07:00,72.80000000000001
2026-07-30 00:30:00-07:00,90.34666666666666
2026-07-30 00:45:00-07:00,91.65333333333334
2026-07-30 01:00:00-07:00,85.49333333333334
2026-07-30 01:15:00-07:00,91.46666666666667
2026-07-30 01:30:00-07:00,102.2
2026-07-30 01:45:00-07:00,101.26666666666668
2026-07-30 02:00:00-07:00,102.2
2026-07-30 02:15:00-07:00,103.13333333333333
2026-07-30 02:30:00-07:00,91.93333333333334
2026-07-30 02:45:00-07:00,82.13333333333334
2026-07-30 03:00:00-07:00,79.8
2026-07-30 03:15:00-07:00,77.46666666666667
2026-07-30 03:30:00-07:00,79.8
2026-07-30 03:45:00-07:00,80.73333333333333
2026-07-30 04:00:00-07:00,90.99999999999999
2026-07-30 04:15:00-07:00,97.34666666666668
2026-07-30 04:30:00-07:00,104.06666666666668
2026-07-30 04:45:00-07:00,107.33333333333334
2026-07-30 05:00:00-07:00,152.13333333333333
2026-07-30 05:15:00-07:00,227.08000000000004
2026-07-30 05:30:00-07:00,272.06666666666666
2026-07-30 05:45:00-07:00,335.15999999999997
2026-07-30 06:00:00-07:00,440.99999999999994
2026-07-30 06:15:00-07:00,546.3733333333333
2026-07-30 06:30:00-07:00,626.64
2026-07-30 06:45:00-07:00,699.16
2026-07-30 07:00:00-07:00,702.8933333333331
2026-07-30 07:15:00-07:00,697.3866666666665
2026-07-30 07:30:00-07:00,733.5999999999997
2026-07-30 07:45:00-07:00,743.5866666666665
2026-07-30 08:00:00-07:00,736.4
2026-07-30 08:15:00-07:00,752.1733333333331
2026-07-30 08:30:00-07:00,756.1333333322224
2026-07-30 08:45:00-07:00,752.773333332222
2026-07-30 09:00:00-07:00,751.7999999999998
2026-07-30 09:15:00-07:00,753.48
2026-07-30 09:30:00-07:00,728.1733333311108
2026-07-30 09:45:00-07:00,730.3733333322222
2026-07-30 10:00:00-07:00,672.9333333333329
2026-07-30 10:15:00-07:00,608.9066666666666
2026-07-30 10:30:00-07:00,572.6933333333334
2026-07-30 10:45:00-07:00,546.7199999955556
2026-07-30 11:00:00-07:00,539.7333333311111
2026-07-30 11:15:00-07:00,496.33333333111113
2026-07-30 11:30:00-07:00,476.84
2026-07-30 11:45:00-07:00,439.6799999977777
2026-07-30 12:00:00-07:00,423.17333333333335
2026-07-30 12:15:00-07:00,423.26666666666665
2026-07-30 12:30:00-07:00,406.5066666655556
2026-07-30 12:45:00-07:00,370.5199999977777
2026-07-30 13:00:00-07:00,312.51999999888886
2026-07-30 13:15:00-07:00,306.78666666666663
2026-07-30 13:30:00-07:00,295.1599999988889
2026-07-30 13:45:00-07:00,311.26666666666665
2026-07-30 14:00:00-07:00,337.67999999999995
2026-07-30 14:15:00-07:00,337.8666666666666
2026-07-30 14:30:00-07:00,347.2399999988889
2026-07-30 14:45:00-07:00,364.1866666666666
2026-07-30 15:00:00-07:00,423.5466666666667
2026-07-30 15:15:00-07:00,452.7999999988888
2026-07-30 15:30:00-07:00,474.59999999999985
2026-07-30 15:45:00-07:00,496.9999999999997
2026-07-30 16:00:00-07:00,516.1733333322221
2026-07-30 16:15:00-07:00,547.96
2026-07-30 16:30:00-07:00,565.1333333333332
2026-07-30 16:45:00-07:00,579.4133333333332
2026-07-30 17:00:00-07:00,564.2399999988888
2026-07-30 17:15:00-07:00,583.3333333333334
2026-07-30 17:30:00-07:00,566.4799999988887
2026-07-30 17:45:00-07:00,539.4666666666665
2026-07-30 18:00:00-07:00,501.1066666666665
2026-07-30 18:15:00-07:00,436.8399999988888
2026-07-30 18:30:00-07:00,390.13333333333316
2026-07-30 18:45:00-07:00,385.37333333333333
2026-07-30 19:00:00-07:00,353.39999999888886
2026-07-30 19:15:00-07:00,299.59999999999997
2026-07-30 19:30:00-07:00,263.51999999888886
2026-07-30 19:45:00-07:00,227.77333333222225
2026-07-30 20:00:00-07:00,191.46666666555558
2026-07-30 20:15:00-07:00,172.20000000000002
2026-07-30 20:30:00-07:00,174.0666666666667
2026-07-30 20:45:00-07:00,129.82666666666665
2026-07-30 21:00:00-07:00,121.33333333333333
2026-07-30 21:15:00-07:00,122.4933333322222
2026-07-30 21:30:00-07:00,133.00000000000003
2026-07-30 21:45:00-07:00,141.96
2026-07-30 22:00:00-07:00,133.5999999988889
2026-07-30 22:15:00-07:00,131.60000000000002
2026-07-30 22:30:00-07:00,126.93333333333334
2026-07-30 22:45:00-07:00,127.86666666666666
2026-07-30 23:00:00-07:00,113.99999999888888
2026-07-30 23:15:00-07:00,108.64
2026-07-30 23:30:00-07:00,109.2
2026-07-30 23:45:00-07:00,93.33333333333333
2026-07-31 00:00:00-07:00,84.46666666666667
2026-07-31 00:15:00-07:00,77.46666666666667
2026-07-31 00:30:00-07:00,80.73333333333333
2026-07-31 00:45:00-07:00,67.93333333111111
2026-07-31 01:00:00-07:00,55.06666666666667
2026-07-31 01:15:00-07:00,56.0
2026-07-31 01:30:00-07:00,45.266666666666666
2026-07-31 01:45:00-07:00,53.199999999999996
2026-07-31 02:00:00-07:00,65.8
2026-07-31 02:15:00-07:00,65.8
2026-07-31 02:30:00-07:00,58.8
2026-07-31 02:45:00-07:00,56.93333333333333
2026-07-31 03:00:00-07:00,67.66666666666666
2026-07-31 03:15:00-07:00,61.599999999999994
2026-07-31 03:30:00-07:00,73.73333333333333
2026-07-31 03:45:00-07:00,71.4
2026-07-31 04:00:00-07:00,79.33333333333331
2026-07-31 04:15:00-07:00,99.67999999999999
2026-07-31 04:30:00-07:00,103.88000000000001
2026-07-31 04:45:00-07:00,113.86666666666666
2026-07-31 05:00:00-07:00,129.73333333333335
2026-07-31 05:15:00-07:00,166.69333333333336
2026-07-31 05:30:00-07:00,231.09333333333333
2026-07-31 05:45:00-07:00,285.13333333333327
2026-07-31 06:00:00-07:00,395.64
2026-07-31 06:15:00-07:00,506.5199999999999
2026-07-31 06:30:00-07:00,609.3733333333331
2026-07-31 06:45:00-07:00,705.1333333333333
2026-07-31 07:00:00-07:00,723.3333333333333
2026-07-31 07:15:00-07:00,719.5999999999999
2026-07-31 07:30:00-07:00,720.5333333333333
2026-07-31 07:45:00-07:00,741.0666666666667
2026-07-31 08:00:00-07:00,711.5599999977777
2026-07-31 08:15:00-07:00,723.4266666666666
2026-07-31 08:30:00-07:00,724.3599999999999
2026-07-31 08:45:00-07:00,731.0799999999999
2026-07-31 09:00:00-07:00,764.8666666666664
2026-07-31 09:15:00-07:00,771.533333332222
2026-07-31 09:30:00-07:00,743.493333333333
2026-07-31 09:45:00-07:00,761.9599999977776
2026-07-31 10:00:00-07:00,733.2666666655557
2026-07-31 10:15:00-07:00,670.4533333322222
2026-07-31 10:30:00-07:00,599.1866666644444
2026-07-31 10:45:00-07:00,525.1866666666665
2026-07-31 11:00:00-07:00,483.07999999777763
2026-07-31 11:15:00-07:00,473.05333333222217
2026-07-31 11:30:00-07:00,431.373333331111
2026-07-31 11:45:00-07:00,356.5733333322222
2026-07-31 12:00:00-07:00,308.28
2026-07-31 12:15:00-07:00,275.3333333333333
2026-07-31 12:30:00-07:00,262.2666666666667
2026-07-31 12:45:00-07:00,248.39999999888894
2026-07-31 13:00:00-07:00,252.5066666655555
2026-07-31 13:15:00-07:00,248.92
2026-07-31 13:30:00-07:00,270.2933333333333
2026-07-31 13:45:00-07:00,294.0
2026-07-31 14:00:00-07:00,326.3866666666666
2026-07-31 14:15:00-07:00,329.46666666666664
2026-07-31 14:30:00-07:00,336.5599999999999
2026-07-31 14:45:00-07:00,354.6666666666665
2026-07-31 15:00:00-07:00,409.2666666666666
2026-07-31 15:15:00-07:00,437.1199999988889
2026-07-31 15:30:00-07:00,474.2266666666665
2026-07-31 15:45:00-07:00,538.6266666666666
2026-07-31 16:00:00-07:00,595.5999999988887
2026-07-31 16:15:00-07:00,617.8666666666667
2026-07-31 16:30:00-07:00,681.6133333333331
2026-07-31 16:45:00-07:00,715.0666666655552
2026-07-31 17:00:00-07:00,697.2933333333333
2026-07-31 17:15:00-07:00,695.8
2026-07-31 17:30:00-07:00,684.6399999988889
2026-07-31 17:45:00-07:00,616.1733333311109
2026-07-31 18:00:00-07:00,561.5333333322221
2026-07-31 18:15:00-07:00,517.4399999999998
2026-07-31 18:30:00-07:00,470.62666666555543
2026-07-31 18:45:00-07:00,429.79999999999995
2026-07-31 19:00:00-07:00,369.73333333222223
2026-07-31 19:15:00-07:00,314.70666666444447
2026-07-31 19:30:00-07:00,264.13333333333327
2026-07-31 19:45:00-07:00,241.26666666666665
2026-07-31 20:00:00-07:00,199.86666666555556
2026-07-31 20:15:00-07:00,197.15999999888888
2026-07-31 20:30:00-07:00,176.06666666555557
2026-07-31 20:45:00-07:00,182.93333333333337
2026-07-31 21:00:00-07:00,188.1999999988889
2026-07-31 21:15:00-07:00,186.7999999988889
2026-07-31 21:30:00-07:00,180.26666666555556
2026-07-31 21:45:00-07:00,179.2399999988889
2026-07-31 22:00:00-07:00,168.13333333222224
2026-07-31 22:15:00-07:00,149.93333333222225
2026-07-31 22:30:00-07:00,147.00000000000003
2026-07-31 22:45:00-07:00,135.33333333333334
2026-07-31 23:00:00-07:00,126.93333333333334
2026-07-31 23:15:00-07:00,112.0
2026-07-31 23:30:00-07:00,104.14666666444444
2026-07-31 23:45:00-07:00,83.72
